dataset,file,split,horizon_ratio,tilt_deg,bbox_mean_cy,interpretation
pothole,images218_jpg.rf.8d9490ab88a15fc968ee7180be708fad.jpg,train,0.753,40.8,0.908,고각도(내려다봄)
pothole,youtube-29_jpg.rf.5ee0cb46891f134c709a87f7a980b05f.jpg,train,0.855,50.0,0.661,고각도(내려다봄)
pothole,images180_jpg.rf.347aa51b48161835368a52cee004cdbf.jpg,train,0.712,37.1,0.491,눈높이(정면)
pothole,images207_jpg.rf.0423ae371f2bcec1b7a93227573adede.jpg,train,0.588,25.9,0.706,고각도(내려다봄)
pothole,youtube-31_jpg.rf.aa696c70910ba666add85cc96ac306eb.jpg,train,0.719,37.7,0.364,눈높이(정면)
pothole,images212_jpg.rf.d760d11136232af982a93fb9ab855e8c.jpg,train,0.523,20.1,1.0,고각도(내려다봄)
pothole,images191_jpg.rf.1e2a466c56759bcf7c338a0fd22a420f.jpg,train,0.513,19.2,0.678,고각도(내려다봄)
pothole,youtube-25_jpg.rf.40691f41bde7713f07b9b9b9fc6b6588.jpg,train,0.246,-4.9,0.76,고각도(내려다봄)
pothole,images220_jpg.rf.ca7f85590d77999ae89e132dd7ac5cd4.jpg,train,0.312,1.1,0.497,눈높이(정면)
pothole,youtube-31_jpg.rf.4e376b6363aad0fd030e1b6f4ae7d933.jpg,train,0.731,38.8,0.584,고각도(내려다봄)
pothole,images191_jpg.rf.9689210412ca74774b007345e51f8f8c.jpg,train,0.48,16.2,0.692,고각도(내려다봄)
pothole,images218_jpg.rf.6ff8afad8c5a31da41b0cfc1cbb56662.jpg,train,0.777,42.9,0.843,고각도(내려다봄)
pothole,youtube-31_jpg.rf.47bf3ba4a5891aea0d4599bd179d3471.jpg,train,0.681,34.3,0.645,고각도(내려다봄)
pothole,youtube-25_jpg.rf.5862ce10c9bc74f92f7401b560278d71.jpg,train,0.754,40.9,0.985,고각도(내려다봄)
pothole,images199_jpg.rf.6c9bb75b1bcabbba963ae66229cf5c7c.jpg,train,0.666,32.9,0.597,고각도(내려다봄)
pothole,youtube-29_jpg.rf.c63e43a36772ed29efd19991f36f73d6.jpg,train,0.42,10.8,0.0,눈높이(정면)
pothole,youtube-29_jpg.rf.857fa4647553ad725d300a3a6d6e912a.jpg,train,0.493,17.4,0.681,고각도(내려다봄)
pothole,youtube-28_jpg.rf.b863860f2b53b2f59c0831f9b576f990.jpg,train,0.403,9.3,0.755,고각도(내려다봄)
pothole,images218_jpg.rf.2a27d16a5abd90a428614334de049acb.jpg,train,0.766,42.0,0.892,고각도(내려다봄)
pothole,youtube-30_jpg.rf.5772712ed2b3d63f39e06d65da6f0b1b.jpg,train,0.413,10.2,0.614,고각도(내려다봄)
pothole,youtube-29_jpg.rf.90b4a6b8f684adbaa0eb50b8f9414705.jpg,train,0.829,47.6,0.469,눈높이(정면)
pothole,images233_jpg.rf.fea14150d37e49307c2d33a065b8598e.jpg,train,0.438,12.4,0.36,눈높이(정면)
pothole,images199_jpg.rf.95e2047f663095c1f36a0543fdf5809b.jpg,train,0.661,32.5,0.557,고각도(내려다봄)
pothole,youtube-32_jpg.rf.ed564f7b029c73c10c7c1aecb8d54458.jpg,train,0.72,37.8,0.435,눈높이(정면)
pothole,images219_jpg.rf.030b186722737c8ea18c2f375fcba1a9.jpg,train,0.542,21.8,0.982,고각도(내려다봄)
pothole,youtube-2_jpg.rf.0af4f7246432cfbc3fcc931919fe28b7.jpg,train,0.557,23.1,0.0,눈높이(정면)
pothole,youtube-28_jpg.rf.1b882807d8011a7dd2f7a0bd66f4d585.jpg,train,0.707,36.6,0.762,고각도(내려다봄)
pothole,youtube-28_jpg.rf.8632f53957a6a911b82a6a663b2629e0.jpg,train,0.705,36.4,0.752,고각도(내려다봄)
pothole,images230_jpg.rf.fa71c0f107fe8029af0ff52963c0ca48.jpg,train,0.459,14.3,0.448,눈높이(정면)
pothole,youtube-31_jpg.rf.977e30e082288cf27570202a18b0729c.jpg,train,0.752,40.6,0.487,눈높이(정면)
pothole,youtube-29_jpg.rf.327ab9992302e9ab04f3eed437f1f6a8.jpg,train,0.861,50.4,0.639,고각도(내려다봄)
pothole,images191_jpg.rf.6488e9a7b8e9cb47a0c55d5c81a606c2.jpg,train,0.501,18.1,0.661,고각도(내려다봄)
pothole,youtube-2_jpg.rf.1f9f834fe05aa21d8b683b698da2dafc.jpg,train,0.516,19.4,0.828,고각도(내려다봄)
pothole,youtube-30_jpg.rf.21d4fb931baa3d5722f8c6c4fad52613.jpg,train,0.589,26.0,0.616,고각도(내려다봄)
pothole,youtube-28_jpg.rf.d636de3e1cef567c619a75c3268419b0.jpg,train,0.616,28.4,0.662,고각도(내려다봄)
pothole,images218_jpg.rf.eee761f99b26a0bf4aa6195ac3c6541d.jpg,train,0.737,39.3,0.877,고각도(내려다봄)
pothole,youtube-24_jpg.rf.2bdb2e2ba6ca510cb3ded8d92dc805df.jpg,train,0.343,3.9,0.368,눈높이(정면)
pothole,images218_jpg.rf.e845e6ed24aa162b9fc582e57946196c.jpg,train,0.737,39.3,0.877,고각도(내려다봄)
pothole,youtube-31_jpg.rf.a2f7a1044255727e9ed0ea26b425de4f.jpg,train,0.821,46.9,0.57,고각도(내려다봄)
pothole,youtube-29_jpg.rf.61c1941843cad86bd9e9d27b77557181.jpg,train,0.851,49.6,0.555,고각도(내려다봄)
pothole,youtube-25_jpg.rf.21db285dae8b4e5e99559c5a43d7b789.jpg,train,0.758,41.2,1.0,고각도(내려다봄)
pothole,youtube-30_jpg.rf.700cb05630cb9b2cc337f46cff7d3612.jpg,train,0.429,11.6,0.631,고각도(내려다봄)
pothole,images212_jpg.rf.9a0980fe7a3ff91b745ab2810727f59c.jpg,train,0.432,11.9,1.0,고각도(내려다봄)
pothole,youtube-31_jpg.rf.af68d7d871922eba01f723b8ba7b8d33.jpg,train,0.678,34.0,0.636,고각도(내려다봄)
pothole,youtube-24_jpg.rf.dde09d02b1bdeeb2c766a60c09dc6a71.jpg,train,0.75,40.5,0.893,고각도(내려다봄)
pothole,images179_jpg.rf.5a5c1d93f9df1d4678b78959ab0d8cd0.jpg,train,0.816,46.4,0.5,고각도(내려다봄)
pothole,youtube-32_jpg.rf.c57fe522643c045d3d41894a8715176c.jpg,train,0.712,37.1,0.589,고각도(내려다봄)
pothole,youtube-28_jpg.rf.5635d993a57c310b98ce0d5ff5f1f390.jpg,train,0.71,36.9,0.707,고각도(내려다봄)
pothole,images208_jpg.rf.7d5c45e712fcdf79c67f55d03b976271.jpg,train,0.171,-11.6,0.52,고각도(내려다봄)
pothole,youtube-30_jpg.rf.d234a626e15459437cb8baa23e6b4523.jpg,train,0.438,12.4,0.703,고각도(내려다봄)
pothole,images212_jpg.rf.e1b5d7228cb39acfd6a3e2dbf57f22fd.jpg,train,0.522,20.0,1.0,고각도(내려다봄)
pothole,youtube-29_jpg.rf.8d63947f1959a21b52b765d2b080bc21.jpg,train,0.831,47.8,0.531,고각도(내려다봄)
pothole,youtube-28_jpg.rf.18ce847e2c8688186be704d765e2e6e4.jpg,train,0.357,5.1,0.668,고각도(내려다봄)
pothole,images17_jpg.rf.16fc5fdafc2acfc9135c564a3c401603.jpg,train,0.761,41.5,0.661,고각도(내려다봄)
pothole,images229_jpg.rf.d17a1de1c9d9dee979d18f448c928eba.jpg,train,0.67,33.3,0.558,고각도(내려다봄)
pothole,images207_jpg.rf.5d5f56dc0b1205985520e7f094856b85.jpg,train,0.593,26.4,0.544,고각도(내려다봄)
pothole,images17_jpg.rf.07b2d693a3c4da5b1ee9ab7cef606e41.jpg,train,0.854,49.9,0.535,고각도(내려다봄)
pothole,youtube-29_jpg.rf.ff6ea8873a1a6724ffeb6b718dc1b917.jpg,train,0.859,50.3,0.523,고각도(내려다봄)
pothole,images224_jpg.rf.406b9ac5f4b8f64961910047b7ec277f.jpg,train,0.466,14.9,0.461,눈높이(정면)
pothole,youtube-27_jpg.rf.23d5f33b4da4a586a79c303121e65c8d.jpg,train,0.277,-2.0,0.667,고각도(내려다봄)
pothole,youtube-29_jpg.rf.3ee3e567b482cb5378422517ea11adb9.jpg,train,0.303,0.3,0.733,고각도(내려다봄)
pothole,images218_jpg.rf.045bfcf8f1afc63d19e42d2f1b9136df.jpg,train,0.766,42.0,0.869,고각도(내려다봄)
pothole,youtube-27_jpg.rf.ec7bdfacb4923dd86815619c25aa3e58.jpg,train,0.78,43.2,0.716,고각도(내려다봄)
pothole,images218_jpg.rf.0b7b14592ba7556b88c6046fd4acef7d.jpg,train,0.773,42.6,0.866,고각도(내려다봄)
pothole,youtube-2_jpg.rf.7ffae5557106cd687ea56dd0d7d808cf.jpg,train,0.53,20.7,0.407,눈높이(정면)
pothole,images229_jpg.rf.9ce40d2c6bc75bb5551bdaed96febef9.jpg,train,0.698,35.8,0.407,눈높이(정면)
pothole,youtube-31_jpg.rf.faa88dc504b8a9ad085890efef71102d.jpg,train,0.712,37.1,0.348,눈높이(정면)
pothole,images224_jpg.rf.3328252a2e6e5de6af6143437431344d.jpg,train,0.517,19.5,0.407,눈높이(정면)
pothole,images191_jpg.rf.c4092da453476fcce642d26e963f32b6.jpg,train,0.478,16.0,0.661,고각도(내려다봄)
pothole,images224_jpg.rf.8c8bdf3e4747812d382453fb5f6f209e.jpg,train,0.528,20.5,0.64,고각도(내려다봄)
pothole,images194_jpg.rf.173781cfffc58857db65c212cdf39be6.jpg,train,0.533,21.0,0.622,고각도(내려다봄)
pothole,youtube-30_jpg.rf.323a0f7048b8b86e600b546c1d5d088d.jpg,train,0.816,46.5,0.681,고각도(내려다봄)
pothole,youtube-26_jpg.rf.e8bffc55daf94d46c873c37e7d636003.jpg,train,0.374,6.6,0.617,고각도(내려다봄)
pothole,youtube-28_jpg.rf.0b60f570c8ec1b8466d1b6e9c761cdaf.jpg,train,0.705,36.4,0.7,고각도(내려다봄)
pothole,youtube-25_jpg.rf.586a5e8649d4062910d7b29f1e3f40be.jpg,train,0.255,-4.0,0.721,고각도(내려다봄)
pothole,images208_jpg.rf.e8e75abaf12b125b5ee453a59b525d40.jpg,train,0.202,-8.8,0.537,고각도(내려다봄)
pothole,youtube-28_jpg.rf.a45e10ccb31d010042f81de0efb53b3b.jpg,train,0.531,20.8,0.626,고각도(내려다봄)
pothole,images180_jpg.rf.61693e0b970400d1c973b89835229c43.jpg,train,0.761,41.5,0.452,눈높이(정면)
pothole,youtube-32_jpg.rf.70539c6984ad4357eda472c1d7a196a0.jpg,train,0.715,37.3,0.098,눈높이(정면)
pothole,youtube-25_jpg.rf.3e1fdb591224f8cf1980ffe2b8ae16c5.jpg,train,0.246,-4.8,0.529,고각도(내려다봄)
pothole,images219_jpg.rf.f695cb7ef990b3b024b03f380cf71f85.jpg,train,0.405,9.5,0.28,눈높이(정면)
pothole,youtube-25_jpg.rf.696ffddc16004137bcd3bab8a8903110.jpg,train,0.743,39.9,1.0,고각도(내려다봄)
pothole,images199_jpg.rf.9f4cd7ffb1faaeab34b2ebf174a65f51.jpg,train,0.666,32.9,0.597,고각도(내려다봄)
pothole,youtube-28_jpg.rf.deaf63858737419a74691395f2aa431e.jpg,train,0.531,20.8,0.626,고각도(내려다봄)
pothole,images199_jpg.rf.455135581eb31aa55e562369274437ad.jpg,train,0.64,30.6,0.559,고각도(내려다봄)
pothole,youtube-32_jpg.rf.305d69da80469839650cb4ba0529f77b.jpg,train,0.711,37.0,0.134,눈높이(정면)
pothole,youtube-29_jpg.rf.004ba699863246891d978cf352ab5c74.jpg,train,0.716,37.4,0.679,고각도(내려다봄)
pothole,images212_jpg.rf.60e9dd13f075c54bad98acb2c7a723ab.jpg,train,0.471,15.4,1.0,고각도(내려다봄)
pothole,youtube-30_jpg.rf.f862b94c366923537e8abd54db95c31d.jpg,train,0.589,26.0,0.54,고각도(내려다봄)
pothole,youtube-27_jpg.rf.47d1574c0cdeb9166fc4a0d6e4cf9b30.jpg,train,0.253,-4.2,0.605,고각도(내려다봄)
pothole,images218_jpg.rf.af0f9e36cca7aebdf45f6dfd05b260bc.jpg,train,0.72,37.8,0.907,고각도(내려다봄)
pothole,images198_jpg.rf.a8b60c2c3da0daee0eeb7b0e86b78c05.jpg,train,0.393,8.4,0.552,고각도(내려다봄)
pothole,youtube-26_jpg.rf.c9da06f1d1959ef4f2ce3b6ff5c217c4.jpg,train,0.253,-4.3,0.612,고각도(내려다봄)
pothole,youtube-29_jpg.rf.bfdfabd1c00e8c50eb6eb7017ff3c65d.jpg,train,0.834,48.0,0.615,고각도(내려다봄)
pothole,images218_jpg.rf.e784144167f1c4fd53806acc4a6c1e3b.jpg,train,0.746,40.1,0.849,고각도(내려다봄)
pothole,youtube-29_jpg.rf.74ec7362fd6ce4676d1957f57f7b248f.jpg,train,0.493,17.4,0.663,고각도(내려다봄)
pothole,images212_jpg.rf.f90e6fd649e95cb51fcd87eca892895d.jpg,train,0.5,18.0,0.925,고각도(내려다봄)
pothole,youtube-29_jpg.rf.418f9255739598e47f3422fb81ddcd8f.jpg,train,0.371,6.4,0.0,눈높이(정면)
pothole,youtube-29_jpg.rf.f7966e9fd5aa02960e8ddc5aabec5b3f.jpg,train,0.327,2.4,0.771,고각도(내려다봄)
pothole,images208_jpg.rf.aafac916927cb515153c38e6c5f05f2c.jpg,train,0.153,-13.2,0.565,고각도(내려다봄)
pothole,images211_jpg.rf.c8e7dd20712c73d0099f3207d4fbddd5.jpg,train,0.332,2.9,0.429,눈높이(정면)
pothole,images224_jpg.rf.4e14931a935202ce4b0a6d91012abb76.jpg,train,0.515,19.3,0.403,눈높이(정면)
pothole,youtube-26_jpg.rf.1949e809caf79290afe481da9719686a.jpg,train,0.383,7.5,0.764,고각도(내려다봄)
pothole,youtube-30_jpg.rf.c30991191654e2dd26f7b04d5b8822e8.jpg,train,0.812,46.1,0.69,고각도(내려다봄)
pothole,images208_jpg.rf.dff777b8710102b9302724ae67365daa.jpg,train,0.162,-12.4,0.595,고각도(내려다봄)
pothole,images175_jpg.rf.5bfb5db8b9d5aaf291a267f98d890e71.jpg,train,0.57,24.3,0.703,고각도(내려다봄)
pothole,images218_jpg.rf.3d78fddab4b7a31836920c1fafb1640d.jpg,train,0.759,41.3,0.863,고각도(내려다봄)
pothole,youtube-24_jpg.rf.937d2aa05282e9e9bec8b01ae77de44a.jpg,train,0.262,-3.4,0.514,고각도(내려다봄)
pothole,images199_jpg.rf.678a73fa060cfe9bcb7263ea5c4dd1f9.jpg,train,0.67,33.3,0.598,고각도(내려다봄)
pothole,youtube-26_jpg.rf.46dd10bc3e4a509fe7c5b911a2ec23d0.jpg,train,0.416,10.4,0.654,고각도(내려다봄)
pothole,youtube-29_jpg.rf.dc93b02ee75dfbdb338965f5f4c21a57.jpg,train,0.855,50.0,0.618,고각도(내려다봄)
pothole,images208_jpg.rf.41e98996f05ad80dafc1da1a1182f684.jpg,train,0.187,-10.2,0.509,고각도(내려다봄)
pothole,images208_jpg.rf.2e63c69d816262a5a28d3e4aaf71361a.jpg,train,0.131,-15.2,0.647,고각도(내려다봄)
pothole,images179_jpg.rf.50b4980ac3e506c9d06794bdacb23426.jpg,train,0.813,46.2,0.747,고각도(내려다봄)
pothole,youtube-30_jpg.rf.1ee0052c1499272bffc9a7a18dbc8a73.jpg,train,0.48,16.2,0.967,고각도(내려다봄)
pothole,images211_jpg.rf.cf88815653662958928d173c6b504ca9.jpg,train,0.826,47.3,0.453,눈높이(정면)
pothole,images194_jpg.rf.08406ebc0d690eb4b132bcffa5a43af4.jpg,train,0.571,24.4,0.644,고각도(내려다봄)
pothole,images207_jpg.rf.969fedb5838f858487bce8b4a9184ad6.jpg,train,0.585,25.6,0.617,고각도(내려다봄)
pothole,images155_jpg.rf.7d5b9194b036abf3d618e81544b01546.jpg,train,0.65,31.5,0.542,고각도(내려다봄)
pothole,youtube-23_jpg.rf.a4043d07d7ac7280206b9eacf103a6b2.jpg,train,0.781,43.3,0.563,고각도(내려다봄)
pothole,images180_jpg.rf.4b9241e5c7832835e0a02bffd941636b.jpg,train,0.748,40.3,0.583,고각도(내려다봄)
pothole,images218_jpg.rf.098fe1394e8199efd6a9e2305ab1c06b.jpg,train,0.719,37.7,0.86,고각도(내려다봄)
pothole,images198_jpg.rf.9cce5127603d94d2190094ecbf9a2da2.jpg,train,0.373,6.6,0.417,눈높이(정면)
pothole,youtube-27_jpg.rf.69588be8428c5f25a3e2b6192a862b2b.jpg,train,0.274,-2.3,0.664,고각도(내려다봄)
pothole,youtube-25_jpg.rf.61f16f01ca62ccc6707eff9a0de57dcf.jpg,train,0.246,-4.9,0.62,고각도(내려다봄)
pothole,youtube-26_jpg.rf.b2e2b27e1fa075ce5c6acdac34b5b35d.jpg,train,0.323,2.0,0.522,고각도(내려다봄)
pothole,images179_jpg.rf.6fc8a0fa153dd3c8c33808f2955b38f9.jpg,train,0.837,48.3,0.512,고각도(내려다봄)
pothole,youtube-2_jpg.rf.43f6bb7301e88df76fc9f70d42cc7435.jpg,train,0.559,23.3,0.748,고각도(내려다봄)
pothole,images175_jpg.rf.25ae65e2313549e32f0a727338426344.jpg,train,0.604,27.4,0.668,고각도(내려다봄)
pothole,youtube-31_jpg.rf.ccc9aa880cb0ec1886b9781c9a3de562.jpg,train,0.39,8.1,0.487,눈높이(정면)
pothole,images194_jpg.rf.9452345c5ea3ad0e1d7fe83c5ee35f5e.jpg,train,0.567,24.0,0.644,고각도(내려다봄)
pothole,images219_jpg.rf.68057f2bcf2bc40430826287d4d610a8.jpg,train,0.297,-0.3,0.425,눈높이(정면)
pothole,youtube-29_jpg.rf.087dcf7b2fde60a6039adadd3ed8fc8e.jpg,train,0.396,8.6,0.73,고각도(내려다봄)
pothole,youtube-31_jpg.rf.49ed7aaab0a539c64fdaa4219bb1087b.jpg,train,0.315,1.3,0.638,고각도(내려다봄)
pothole,youtube-30_jpg.rf.7a73530dc301fc77233d982140764346.jpg,train,0.459,14.3,1.0,고각도(내려다봄)
pothole,youtube-32_jpg.rf.d538037bf167de8a066fd5c903ef993a.jpg,train,0.721,37.9,0.476,눈높이(정면)
pothole,youtube-28_jpg.rf.19b057d893698d23ffb3ede1a40f595d.jpg,train,0.618,28.6,0.628,고각도(내려다봄)
pothole,youtube-26_jpg.rf.63d800f0f13f0706f4d80f86af539b96.jpg,train,0.389,8.0,0.7,고각도(내려다봄)
pothole,images180_jpg.rf.05454a652ad590dbcb4760ec1b078288.jpg,train,0.664,32.8,0.583,고각도(내려다봄)
pothole,images173_jpg.rf.79f19efc2ee8975be90cda2fbc00ce09.jpg,train,0.589,26.0,0.583,고각도(내려다봄)
pothole,images224_jpg.rf.118e7ba0c1a2aee6a8f1c7d7db72151f.jpg,train,0.472,15.5,0.257,눈높이(정면)
pothole,youtube-23_jpg.rf.bfafe779e2f95724aa39dcb0d5ab2ddc.jpg,train,0.692,35.3,1.0,고각도(내려다봄)
pothole,youtube-29_jpg.rf.149925a7af7577938a0185c90465da9f.jpg,train,0.852,49.6,0.628,고각도(내려다봄)
pothole,images211_jpg.rf.c25c283d9b32203a8e22831dad379161.jpg,train,0.308,0.7,0.522,고각도(내려다봄)
pothole,images218_jpg.rf.bd66fb97c394b0fc621fb73fefcd6452.jpg,train,0.756,41.1,0.867,고각도(내려다봄)
pothole,youtube-29_jpg.rf.78b05f7deb21a87e90cce6a39b991866.jpg,train,0.855,49.9,0.618,고각도(내려다봄)
pothole,images219_jpg.rf.9a7081d6053544fc40d95ff858e6ac7b.jpg,train,0.512,19.1,0.616,고각도(내려다봄)
pothole,youtube-26_jpg.rf.f99e43e6344f5d41530761ae4068fcdf.jpg,train,0.33,2.7,0.694,고각도(내려다봄)
pothole,images21_jpg.rf.49736fc33e4583d852da90792c4b24e9.jpg,train,0.252,-4.4,0.603,고각도(내려다봄)
pothole,images220_jpg.rf.4ef2eefdeea065b93c6f7ed0a6553e23.jpg,train,0.675,33.7,0.878,고각도(내려다봄)
pothole,images219_jpg.rf.84df6a56eeb9843b656c560a3e2456a4.jpg,train,0.436,12.2,0.979,고각도(내려다봄)
pothole,youtube-29_jpg.rf.3f0ccd2c80347c10a3f6dc5a2873b096.jpg,train,0.471,15.4,0.691,고각도(내려다봄)
pothole,youtube-27_jpg.rf.2df8da2fb149b03920a35a0f0ec48a02.jpg,train,0.763,41.7,0.659,고각도(내려다봄)
pothole,images179_jpg.rf.fe247a445099494b62ad7f72ffbe6f98.jpg,train,0.805,45.5,0.534,고각도(내려다봄)
pothole,images220_jpg.rf.a31b957332957052a15f10ad6d65b73a.jpg,train,0.577,25.0,0.443,눈높이(정면)
pothole,youtube-23_jpg.rf.b4597b3da0059ca4329c29c86adf3194.jpg,train,0.83,47.7,0.524,고각도(내려다봄)
pothole,images180_jpg.rf.c39350450dc7dc33032de7a3e445c2c6.jpg,train,0.772,42.5,0.575,고각도(내려다봄)
pothole,images21_jpg.rf.8533cdd93bc6ea466519b7d374d1915c.jpg,train,0.262,-3.4,0.65,고각도(내려다봄)
pothole,youtube-29_jpg.rf.b3e360d21874c1d4992ad4703aa9b959.jpg,train,0.855,50.0,0.538,고각도(내려다봄)
pothole,images191_jpg.rf.9b91b50d686bde20c623b719d88745a0.jpg,train,0.464,14.8,0.679,고각도(내려다봄)
pothole,youtube-29_jpg.rf.4a767147e4ec06b9d7fcd42a754c3034.jpg,train,0.844,48.9,0.637,고각도(내려다봄)
pothole,youtube-26_jpg.rf.1cb585bd1d929d51227fc7f87e7427f3.jpg,train,0.383,7.5,0.764,고각도(내려다봄)
pothole,youtube-2_jpg.rf.185f85404da1d5a9b0b41c3ed73b8c3d.jpg,train,0.508,18.7,0.707,고각도(내려다봄)
pothole,images218_jpg.rf.72d154de0e08077f0fffe7424f9a2625.jpg,train,0.766,42.0,0.869,고각도(내려다봄)
pothole,youtube-29_jpg.rf.4c46ff7e5d256885877dfa342ed040d6.jpg,train,0.848,49.3,0.648,고각도(내려다봄)
pothole,images212_jpg.rf.422581f770e7b26fb35c836b89b457bf.jpg,train,0.489,17.0,1.0,고각도(내려다봄)
pothole,youtube-32_jpg.rf.f05963c9c5a28bec42cc67359439229b.jpg,train,0.718,37.6,0.632,고각도(내려다봄)
pothole,youtube-27_jpg.rf.bdd90b6e4721c44fe553a8b096910c6c.jpg,train,0.222,-7.0,0.521,고각도(내려다봄)
pothole,images208_jpg.rf.1f66c248b3250e374cefd4afcd716316.jpg,train,0.117,-16.5,0.597,고각도(내려다봄)
pothole,youtube-25_jpg.rf.6a09e10b0f0d83192cfcfdbfd8350c34.jpg,valid,0.501,18.1,0.508,고각도(내려다봄)
pothole,youtube-23_jpg.rf.512f321a207324b58516dd17ab636506.jpg,valid,0.795,44.6,0.603,고각도(내려다봄)
pothole,youtube-31_jpg.rf.22ba4d2fddab4e618f0c44eefa59d99d.jpg,valid,0.712,37.1,0.574,고각도(내려다봄)
pothole,youtube-26_jpg.rf.7cacf79772607283eb012d677e1b7046.jpg,valid,0.328,2.5,0.709,고각도(내려다봄)
pothole,youtube-28_jpg.rf.cbf313c68aac913aa12fb3c948e2a49c.jpg,valid,0.345,4.1,0.527,고각도(내려다봄)
pothole,images173_jpg.rf.f788f222154930203b35c37f9c587843.jpg,valid,0.584,25.5,0.746,고각도(내려다봄)
pothole,youtube-28_jpg.rf.41e3324469af8c4c1d8b940ee379aa0f.jpg,valid,0.427,11.5,0.764,고각도(내려다봄)
pothole,images194_jpg.rf.fad5212abf2872b35f79862183fd3103.jpg,valid,0.505,18.5,0.621,고각도(내려다봄)
pothole,youtube-31_jpg.rf.df7976178b68eae1f0b9d27d13e304d4.jpg,valid,0.619,28.7,0.618,고각도(내려다봄)
pothole,images212_jpg.rf.db139785c315ca1444ead4c4708d9394.jpg,valid,0.496,17.6,1.0,고각도(내려다봄)
pothole,youtube-25_jpg.rf.6d0c7f918022cd4aa72116eabbcdee28.jpg,valid,0.699,35.9,1.0,고각도(내려다봄)
pothole,images208_jpg.rf.c2d5286ede3e78b5e073328b8adbb7d3.jpg,valid,0.166,-12.1,0.539,고각도(내려다봄)
pothole,youtube-28_jpg.rf.3098a84cabd82c0806d3a13c137cdcd1.jpg,valid,0.704,36.4,0.665,고각도(내려다봄)
pothole,youtube-25_jpg.rf.b764dbecae5e5bba8f43e599cb0ca6e6.jpg,valid,0.727,38.4,0.556,고각도(내려다봄)
pothole,images224_jpg.rf.f9b112e22832304d1b1646fd15f9f855.jpg,valid,0.459,14.3,0.32,눈높이(정면)
pothole,youtube-30_jpg.rf.a8cc960b8016f5c60a840aa9f566fda8.jpg,valid,0.811,46.0,0.667,고각도(내려다봄)
pothole,youtube-29_jpg.rf.b841e921ab90eec8ab25edb18a23820e.jpg,valid,0.459,14.3,0.637,고각도(내려다봄)
pothole,youtube-31_jpg.rf.bc566141dcb7a27adad1b6cd44f8d1aa.jpg,valid,0.619,28.7,0.618,고각도(내려다봄)
pothole,youtube-32_jpg.rf.86e02798a3b2119953c28784aa40f10a.jpg,valid,0.717,37.5,0.393,눈높이(정면)
pothole,youtube-28_jpg.rf.c6e7bcb42b97cf62f89c0c3ab4d15ab5.jpg,valid,0.453,13.8,0.459,눈높이(정면)
pothole,youtube-28_jpg.rf.8907e533489a428ca81646530201847c.jpg,valid,0.453,13.8,0.459,눈높이(정면)
pothole,youtube-24_jpg.rf.e8864bc84a54d0d7f91b0be97091f857.jpg,valid,0.309,0.8,0.435,눈높이(정면)
pothole,youtube-27_jpg.rf.98cdb3000b6708b74b9a4a83786a0c81.jpg,valid,0.766,42.0,0.55,고각도(내려다봄)
pothole,youtube-29_jpg.rf.ab9b6abdd1f8721a9e0397cff1f13ea9.jpg,valid,0.459,14.3,0.637,고각도(내려다봄)
pothole,images198_jpg.rf.e16312bd3bdc67ccdb0d9e9abb6d4253.jpg,valid,0.456,14.1,0.592,고각도(내려다봄)
pothole,youtube-24_jpg.rf.c887c50faa44340baba7109b935c079f.jpg,valid,0.355,4.9,0.408,눈높이(정면)
pothole,youtube-27_jpg.rf.4ace5c65b47d1cbc3c03d64fed0b9950.jpg,valid,0.227,-6.6,0.655,고각도(내려다봄)
pothole,youtube-31_jpg.rf.1a690a24aa6fa6230117ff2832070908.jpg,valid,0.619,28.7,0.624,고각도(내려다봄)
pothole,youtube-31_jpg.rf.fd1d20b9d96271c0741c962a6f3f26bb.jpg,valid,0.712,37.1,0.574,고각도(내려다봄)
pothole,youtube-29_jpg.rf.ae323a46637abf64f330677b1b9b525d.jpg,valid,0.493,17.4,0.694,고각도(내려다봄)
pothole,youtube-32_jpg.rf.db572e86388741a6c9f414bc3af33491.jpg,valid,0.717,37.5,0.393,눈높이(정면)
pothole,images212_jpg.rf.6e91dd246f65cf7a68fc1996fb72abaf.jpg,valid,0.528,20.5,1.0,고각도(내려다봄)
pothole,youtube-23_jpg.rf.09cb5ed2950b66065e96cacb513ed608.jpg,valid,0.681,34.3,0.813,고각도(내려다봄)
pothole,images228_jpg.rf.56597ea9ffa67340db087a5e28c70881.jpg,valid,0.844,48.9,0.67,고각도(내려다봄)
pothole,youtube-23_jpg.rf.c922adebfd3751ae2ddf896566651c23.jpg,test,0.681,34.3,1.0,고각도(내려다봄)
pothole,images180_jpg.rf.80399e7b30d29663c9f54f3a9f075a41.jpg,test,0.772,42.5,0.461,눈높이(정면)
pothole,youtube-27_jpg.rf.9b0f2214d5e859c9d1aba26b465063db.jpg,test,0.265,-3.2,0.605,고각도(내려다봄)
pothole,youtube-32_jpg.rf.ebeffb3ad83c6cf6e18805415700c101.jpg,test,0.688,34.9,0.51,고각도(내려다봄)
pothole,youtube-28_jpg.rf.763ee89b01225713f24e41c7b87bb4bb.jpg,test,0.443,12.9,0.611,고각도(내려다봄)
pothole,youtube-29_jpg.rf.14377a34215aa3639a89c858dc2d1853.jpg,test,0.865,50.8,0.581,고각도(내려다봄)
pothole,youtube-29_jpg.rf.0ec7da6f3eaf759b8e3df1ebdc1935bb.jpg,test,0.848,49.3,0.667,고각도(내려다봄)
pothole,images180_jpg.rf.e2c9e7de052ccd43a19d054213533bc9.jpg,test,0.787,43.8,0.502,고각도(내려다봄)
pothole,youtube-27_jpg.rf.54caedcb883e473da1c7527510f6de4a.jpg,test,0.225,-6.7,0.533,고각도(내려다봄)
pothole,youtube-29_jpg.rf.2b66035dbca224f76069a47e9be58512.jpg,test,0.711,37.0,0.238,눈높이(정면)
pothole,images220_jpg.rf.9f1ce656fb253447f7f47cedaa6bf4e1.jpg,test,0.309,0.8,0.788,고각도(내려다봄)
pothole,images180_jpg.rf.29b7ddb87c41014016292ff49d97b290.jpg,test,0.759,41.3,0.488,눈높이(정면)
pothole,images212_jpg.rf.72931f6154c69d7d103101738cd3ea81.jpg,test,0.489,17.0,0.857,고각도(내려다봄)
pothole,youtube-27_jpg.rf.ab156989fb15e6e49fe3f13d4dda6815.jpg,test,0.261,-3.5,0.618,고각도(내려다봄)
pothole,images191_jpg.rf.63ae43f896d0c596b2f19b998bf7d5f8.jpg,test,0.457,14.1,0.689,고각도(내려다봄)
pothole,images208_jpg.rf.d1115cb2f295d08c1c4292523ffa23b1.jpg,test,0.175,-11.2,0.6,고각도(내려다봄)
pothole,youtube-25_jpg.rf.516eaaa9587aa74113c4d3dd9c0a5a80.jpg,test,0.282,-1.6,0.751,고각도(내려다봄)
pothole,images207_jpg.rf.99a3ea5f0ffb2f8d3b43683a4c380b39.jpg,test,0.573,24.5,0.484,눈높이(정면)
pothole,images207_jpg.rf.2b6164a1b964f3bdbe0c7404c0e5681e.jpg,test,0.591,26.2,0.634,고각도(내려다봄)
pothole,youtube-31_jpg.rf.90739b81d3b7d30c5719f3a1d5be2faf.jpg,test,0.588,25.9,0.661,고각도(내려다봄)
pothole,youtube-31_jpg.rf.beab401937558e6f646faee9ccfe670d.jpg,test,0.718,37.7,0.573,고각도(내려다봄)
pothole,youtube-26_jpg.rf.28b6bec4ce893783f2c3374daaee83f3.jpg,test,0.406,9.5,0.656,고각도(내려다봄)
pothole,images224_jpg.rf.32ae2bda833b9590cea5913fb9de6eb7.jpg,test,0.488,16.9,0.518,고각도(내려다봄)
pothole,youtube-30_jpg.rf.9b3f0bc0eb5ccb95100e6be87a047070.jpg,test,0.406,9.5,1.0,고각도(내려다봄)
pothole,youtube-28_jpg.rf.439ead77546bd287228b7b3223508939.jpg,test,0.432,11.9,0.679,고각도(내려다봄)
pothole,youtube-28_jpg.rf.62dd5646514780c1c56696788f2fabef.jpg,test,0.432,11.9,0.679,고각도(내려다봄)
pothole,images21_jpg.rf.b90918ace47b32528ea2702378e21bdf.jpg,test,0.243,-5.2,0.623,고각도(내려다봄)
pothole,youtube-29_jpg.rf.d7f2612237749361508c8a972e8568e4.jpg,test,0.389,8.1,0.608,고각도(내려다봄)
pothole,youtube-24_jpg.rf.4a749ef5838b2ec15979a10c8e4fe3a8.jpg,test,0.672,33.5,1.0,고각도(내려다봄)
pothole,youtube-29_jpg.rf.7649d31b04894054d1005bb6c6197f3a.jpg,test,0.844,48.9,0.55,고각도(내려다봄)
pothole,images212_jpg.rf.88ffac23b668b09671402bd6ebaa7078.jpg,test,0.476,15.8,1.0,고각도(내려다봄)
pothole,youtube-2_jpg.rf.aef52b76bde143cd6446a65adc5d9a4f.jpg,test,0.516,19.4,0.577,고각도(내려다봄)
pothole,youtube-23_jpg.rf.e2f13ea5f8f28a502260ca484fefb614.jpg,test,0.823,47.0,0.506,고각도(내려다봄)
pothole,youtube-30_jpg.rf.f237c2e00470901b5e8ad03b5c16096e.jpg,test,0.328,2.5,1.0,고각도(내려다봄)
pothole,images191_jpg.rf.8742daba978106d226260f7bae0755bd.jpg,test,0.488,16.9,0.69,고각도(내려다봄)
pothole,youtube-26_jpg.rf.49841170e092c558ec3cd70dea025025.jpg,test,0.265,-3.2,0.677,고각도(내려다봄)
pothole,youtube-28_jpg.rf.4b0a9c4df9cbf21608b226d04a296520.jpg,test,0.793,44.4,0.727,고각도(내려다봄)
pothole,youtube-29_jpg.rf.86e78d805a0de9c21de1f49015e52b60.jpg,test,0.377,7.0,0.592,고각도(내려다봄)
pothole,images17_jpg.rf.a2f75e866f1630d0d99e948de6e77ea2.jpg,test,0.792,44.3,0.53,고각도(내려다봄)
pothole,youtube-26_jpg.rf.1a47d837132dcc7ad620ab24847bcc08.jpg,test,0.346,4.2,0.74,고각도(내려다봄)
pothole,images229_jpg.rf.9a366d0e7072a53fac8d4da37966897d.jpg,test,0.723,38.0,0.646,고각도(내려다봄)
pothole,images175_jpg.rf.a686be081474325a30069af9f2290c1c.jpg,test,0.567,24.0,0.633,고각도(내려다봄)
pothole,youtube-24_jpg.rf.d74f45a97960783e9a1d499aa362b6de.jpg,test,0.681,34.3,1.0,고각도(내려다봄)
pothole,youtube-27_jpg.rf.00aea9b900493177ed99a4cbae962ab7.jpg,test,0.214,-7.7,0.625,고각도(내려다봄)
pothole,youtube-26_jpg.rf.24a2a208fc0d119a63a0276cad899233.jpg,test,0.403,9.3,0.724,고각도(내려다봄)
pothole,images191_jpg.rf.0a69cb4683ea359e32f6472d27a779b3.jpg,test,0.475,15.7,0.692,고각도(내려다봄)
pothole,youtube-31_jpg.rf.efe9ca7a214fd2c01753ae477683a2f7.jpg,test,0.716,37.4,0.098,눈높이(정면)
pothole,images219_jpg.rf.4457e09eebe50bb39610efa19fff8b33.jpg,test,0.236,-5.7,0.633,고각도(내려다봄)
pothole,youtube-31_jpg.rf.d5b3a17142a8f04a4a8f5b092d2f5f42.jpg,test,0.505,18.5,0.537,고각도(내려다봄)
curb,image244_jpg.rf.efd03fff98d97bbbe9e04052629186a1.jpg,train,0.162,-12.4,0.514,고각도(내려다봄)
curb,image45_jpg.rf.03bd0b4aa012446075bd2e8a623e1dc6.jpg,train,0.253,-4.3,0.546,고각도(내려다봄)
curb,image694_jpg.rf.cf6743f465457152007d0dba9f7772a6.jpg,train,0.747,40.2,0.613,고각도(내려다봄)
curb,image265_jpg.rf.370c5e1b4ff26cc50d70a34eb7006fee.jpg,train,0.945,58.1,0.491,눈높이(정면)
curb,d9cf7441c4a318d751173cafa5987fd_jpg.rf.25fe32d4330c4ce1709dd6722dc6943e.jpg,train,0.856,50.1,0.557,고각도(내려다봄)
curb,image49_jpg.rf.f25fc40234ca63a66cd52353c92b7b8b.jpg,train,0.2,-9.0,0.352,눈높이(정면)
curb,image243_jpg.rf.8f6b13f1c29668c628b9c0c90d596bc2.jpg,train,0.42,10.8,0.517,고각도(내려다봄)
curb,image342_jpg.rf.42d540f6053fb2c07ee826719f223ec2.jpg,train,0.462,14.6,1.0,고각도(내려다봄)
curb,image113_jpg.rf.72e611699a19f095c578d0a4de3a52f9.jpg,train,0.566,23.9,0.407,눈높이(정면)
curb,image227_jpg.rf.375d3b3c85de9f82ed83e91fa7e0cfc0.jpg,train,0.098,-18.1,0.6,고각도(내려다봄)
curb,image344_jpg.rf.f8adee4d4bc066ddd8b2ecc5c1a8769c.jpg,train,0.249,-4.6,0.456,눈높이(정면)
curb,image638_jpg.rf.078bc3c6c9ac29f8329c113c911c16c5.jpg,train,0.743,39.9,0.293,눈높이(정면)
curb,image264_jpg.rf.1e5034f247984f1ab90abcc04d459cb8.jpg,train,0.216,-7.6,0.429,눈높이(정면)
curb,image501_jpg.rf.5324809c50cedb017b6e6ba2ab3dda6c.jpg,train,0.781,43.3,0.54,고각도(내려다봄)
curb,e5794184bc539b22c9ef49a9b5a589a_jpg.rf.f2bb69a4c4768922289eb3b2654e91e1.jpg,train,0.867,51.0,0.334,눈높이(정면)
curb,image29_jpg.rf.fbabe8c5b9a48a2cba70b963933c07ac.jpg,train,0.432,11.9,0.374,눈높이(정면)
curb,image183_jpg.rf.f9b45962e714a585d10b7256e4ae18ea.jpg,train,0.269,-2.8,1.0,고각도(내려다봄)
curb,e5794184bc539b22c9ef49a9b5a589a_jpg.rf.cbd1411b66f4404ca1d2e122fcf8651e.jpg,train,0.641,30.7,0.331,눈높이(정면)
curb,image525_jpg.rf.2791e650212452bd261d51b327894f4d.jpg,train,0.711,37.0,0.399,눈높이(정면)
curb,image547_jpg.rf.1740fe0898969efbee07184888f13d15.jpg,train,0.798,44.9,0.459,눈높이(정면)
curb,image438_jpg.rf.35f72bf429b5a04e789feab239137f22.jpg,train,0.35,4.5,0.636,고각도(내려다봄)
curb,image352_jpg.rf.5afc2c3bc7551cc74e04e4039febee4d.jpg,train,0.48,16.2,0.428,눈높이(정면)
curb,image309_jpg.rf.72b4bc166716ffc81acf85e5d549682b.jpg,train,0.827,47.5,0.458,눈높이(정면)
curb,image279_jpg.rf.e4b926ae38983c32d49df3699b5e900f.jpg,train,0.32,1.8,0.585,고각도(내려다봄)
curb,image162_jpg.rf.41caf023fd12931df0d242dd68cec819.jpg,train,0.786,43.7,0.609,고각도(내려다봄)
curb,0ef829f42bd1f678d1fee8cbf25834c4_jpg.rf.d4815e535e4109315651577fd38245ed.jpg,train,0.722,38.0,0.931,고각도(내려다봄)
curb,image230_jpg.rf.c0530fa335fe65fb6e15a74d5c185a2d.jpg,train,0.53,20.7,0.441,눈높이(정면)
curb,image363_jpg.rf.132e9463f6e840dbefdc66fd47cc527c.jpg,train,0.188,-10.1,0.565,고각도(내려다봄)
curb,image679_jpg.rf.fe585069bfd3d723446b9cdbf2e1507e.jpg,train,,,0.04,눈높이(정면)
curb,image104_jpg.rf.07679e646bedfb518a0806d16cefc43d.jpg,train,0.798,44.9,0.405,눈높이(정면)
curb,image138_jpg.rf.dce8cbbf29e39da18b29e433a60356ec.jpg,train,0.645,31.1,0.383,눈높이(정면)
curb,0ee2118f53c8d09c884c76885ed42641_jpg.rf.f24e9765d437d1287d6237d6ff5de9e7.jpg,train,0.59,26.1,0.812,고각도(내려다봄)
curb,image390_jpg.rf.c6cbe81e9f70149c574801d0e7956086.jpg,train,0.083,-19.5,0.218,눈높이(정면)
curb,image566_jpg.rf.f16a7e3a3f8cfdbaababd6ae49911050.jpg,train,0.276,-2.2,0.268,눈높이(정면)
curb,image131_jpg.rf.b6fe5370b7d3c95970fa6490011db539.jpg,train,0.305,0.5,0.459,눈높이(정면)
curb,image45_jpg.rf.2a504f30318019a9197be06c26d8237a.jpg,train,0.142,-14.2,0.0,눈높이(정면)
curb,curb4_jpeg_jpg.rf.ec13ba6ca7fa859ada31ecd25f04f5f1.jpg,train,0.052,-22.4,0.426,눈높이(정면)
curb,image523_jpg.rf.a86f8b0fcc2606da3c8e0ebd243ed170.jpg,train,0.38,7.2,0.568,고각도(내려다봄)
curb,image86_jpg.rf.a9d5a795cda77493c2ecb8c4afadf1e9.jpg,train,0.551,22.6,0.417,눈높이(정면)
curb,image707_jpg.rf.c73f2142360022bdd9f07f2900ba5ca9.jpg,train,0.754,40.9,0.487,눈높이(정면)
curb,image617_jpg.rf.1ccf048ee7910cade7fcfbca0991593f.jpg,train,0.681,34.3,0.505,고각도(내려다봄)
curb,1d0d7219aef12bfbfd1287241c2ca0e2_jpg.rf.2cb77d8ba02e26f465b89ae3ad1e517f.jpg,train,0.728,38.5,1.0,고각도(내려다봄)
curb,image9_jpg.rf.b6a6a159ab374584429439fb0a80a849.jpg,train,0.354,4.9,0.452,눈높이(정면)
curb,image673_jpg.rf.4795ac8c8aea82bf2d10f94aaabd253d.jpg,train,0.389,8.0,0.489,눈높이(정면)
curb,image18_jpg.rf.760d1ce29234fd7d7f4194f900e6e759.jpg,train,0.492,17.3,0.362,눈높이(정면)
curb,image54_jpg.rf.3308c5bd3d75f55af6aa80923a30a195.jpg,train,0.21,-8.1,0.512,고각도(내려다봄)
curb,image682_jpg.rf.132b37275ef1607fb07d0ae4d6e18a54.jpg,train,0.58,25.2,0.611,고각도(내려다봄)
curb,image45_jpg.rf.3e6c1ef17865be5d9815fc05a1810169.jpg,train,0.956,59.1,0.425,눈높이(정면)
curb,image321_jpg.rf.23bb084863bcb7ccdc4cbf23531f8125.jpg,train,0.527,20.4,0.004,눈높이(정면)
curb,image94_jpg.rf.28a93b4361a74a29e610d0b988a622ee.jpg,train,0.779,43.1,0.382,눈높이(정면)
curb,image258_jpg.rf.f1d677007348390e248e7f228d6eb825.jpg,train,0.214,-7.7,0.575,고각도(내려다봄)
curb,image225_jpg.rf.74503b1437acdbb6a7a095695644f38b.jpg,train,0.682,34.4,1.0,고각도(내려다봄)
curb,image445_jpg.rf.4d56a0b8fddce0b173ad3997df86d37e.jpg,train,0.895,53.6,0.505,고각도(내려다봄)
curb,image250_jpg.rf.8403b0826167dfa8bafdc3aada773908.jpg,train,0.227,-6.5,0.375,눈높이(정면)
curb,image384_jpg.rf.a015e2c81cd153aa02a15161658792be.jpg,train,0.673,33.6,0.153,눈높이(정면)
curb,image597_jpg.rf.450f4ff91898761f538f3ee7a4463789.jpg,train,0.863,50.7,0.992,고각도(내려다봄)
curb,image39_jpg.rf.129c406bc583ea179e0bb36460d8a1f1.jpg,train,0.803,45.2,0.531,고각도(내려다봄)
curb,image12_jpg.rf.9f06aeb8ef8edec3d9714ea7b6ebf382.jpg,train,0.566,23.9,0.844,고각도(내려다봄)
curb,image199_jpg.rf.5dac04f71dc38f81f2db07c63fe3ebad.jpg,train,0.145,-13.9,0.346,눈높이(정면)
curb,image477_jpg.rf.de79620861a6f4d30d72652f1ec395d0.jpg,train,0.18,-10.8,0.319,눈높이(정면)
curb,image365_jpg.rf.55ed692a9b925f7f1b7de541575eb553.jpg,train,0.084,-19.4,0.276,눈높이(정면)
curb,image194_jpg.rf.25590b1cbc19064479e492ebd19bfa7d.jpg,train,0.367,6.0,0.64,고각도(내려다봄)
curb,image59_jpg.rf.3ab33dd10cae90c1a099a24230d5afdb.jpg,train,0.342,3.8,0.777,고각도(내려다봄)
curb,image684_jpg.rf.f6465750587c2a5a43bfc041fd63772e.jpg,train,0.171,-11.6,0.545,고각도(내려다봄)
curb,curb3_jpeg_jpg.rf.9deb5352426a3378e2e7d925042f63ac.jpg,train,0.9,54.0,0.558,고각도(내려다봄)
curb,image701_jpg.rf.ef4b691367b64d0c2291438ad9c796eb.jpg,train,0.249,-4.6,0.435,눈높이(정면)
curb,image243_jpg.rf.5b6abef7dd44db3f621a0c2fce8e34af.jpg,train,0.354,4.8,0.517,고각도(내려다봄)
curb,image560_jpg.rf.5ee33fabb24c6d2b1cd7a4d777c57cdf.jpg,train,0.246,-4.9,0.268,눈높이(정면)
curb,image470_jpg.rf.a002e9a011568edcc735cf431f3ff77d.jpg,train,0.111,-17.0,0.374,눈높이(정면)
curb,image635_jpg.rf.b1b11f9b80d9b1591461da612a9e79bb.jpg,train,0.546,22.1,0.861,고각도(내려다봄)
curb,image602_jpg.rf.af67112fb986c5e425be41482f880247.jpg,train,0.336,3.2,0.398,눈높이(정면)
curb,63f1b93fa1ee0a7767105f4f4caea5b_jpg.rf.d5beac0f5a66a434a4effe48d2143a41.jpg,train,0.246,-4.9,0.436,눈높이(정면)
curb,image378_jpg.rf.cea028b04672db011106802e647dc174.jpg,train,0.698,35.9,0.352,눈높이(정면)
curb,image339_jpg.rf.18c3636a6cbee1e34255cc942d312df6.jpg,train,0.519,19.7,0.464,눈높이(정면)
curb,image353_jpg.rf.9125d54c002361f4c4ce349ba3407db4.jpg,train,0.367,6.0,0.491,눈높이(정면)
curb,image547_jpg.rf.08664aa81c4e0930e0d10d9e2a37eda9.jpg,train,0.734,39.0,0.0,눈높이(정면)
curb,image23_jpg.rf.93631d0a16e6f3f34fc4f1e4e0de3513.jpg,train,0.223,-7.0,0.546,고각도(내려다봄)
curb,image495_jpg.rf.a1ed504d8dbef9e2426b1018d634131e.jpg,train,0.116,-16.5,0.0,눈높이(정면)
curb,image268_jpg.rf.e1945e766e7605a396f2f02462857ae2.jpg,train,0.173,-11.5,0.387,눈높이(정면)
curb,image169_jpg.rf.8eb5dc3f45db6ce1384d2eb589d18751.jpg,train,0.558,23.2,0.479,눈높이(정면)
curb,image625_jpg.rf.07f0521d63f736632867879902636a02.jpg,train,0.17,-11.7,0.617,고각도(내려다봄)
curb,image543_jpg.rf.fea23824b3bb139ff2b752faaaa9884c.jpg,train,0.154,-13.2,0.582,고각도(내려다봄)
curb,image29_jpg.rf.ca8a1acd9633080a00578b1f7d567a7d.jpg,train,0.266,-3.0,0.359,눈높이(정면)
curb,image101_jpg.rf.94a4b4af45fa42761f2eedcd1c6a5056.jpg,train,0.776,42.8,0.395,눈높이(정면)
curb,image49_jpg.rf.96e74ccf171c27f89dc6fbb4ecebaa5d.jpg,train,0.335,3.1,0.371,눈높이(정면)
curb,image308_jpg.rf.3cddb5444ee58976862c0063942a9c05.jpg,train,0.58,25.2,0.5,고각도(내려다봄)
curb,image8_jpg.rf.62a42a661c507f0ea4fbb0a0cf46dda5.jpg,train,0.476,15.9,0.391,눈높이(정면)
curb,image675_jpg.rf.434357fe36ced6aba8e1e5250a0353aa.jpg,train,0.428,11.5,0.6,고각도(내려다봄)
curb,image105_jpg.rf.8dad5885410a8876e3b69780ef04f3c8.jpg,train,0.203,-8.7,0.623,고각도(내려다봄)
curb,image431_jpg.rf.3dd5861496f60a30064898cc76b63da4.jpg,train,0.084,-19.4,0.296,눈높이(정면)
curb,image14_jpg.rf.1b363ef6c6b7ad1127a63af69f2c8128.jpg,train,0.312,1.1,0.501,고각도(내려다봄)
curb,image48_jpg.rf.52a2c080ceb2ee60c889524a82df84f2.jpg,train,0.516,19.5,0.562,고각도(내려다봄)
curb,1ce03ac3ef6a9eca8d0ef17eca89debc_jpg.rf.42a04cf14e184f5e5353d6baa9fb98ca.jpg,train,0.732,38.9,0.901,고각도(내려다봄)
curb,image461_jpg.rf.cbe1b0224fb0bf51357a604bc4b0457d.jpg,train,0.832,47.9,0.682,고각도(내려다봄)
curb,image486_jpg.rf.58b0b2f775fa99910e5e028ef5191d05.jpg,train,0.549,22.4,0.312,눈높이(정면)
curb,image632_jpg.rf.f0c7bd9282d493c6dad565bc12f117bb.jpg,train,0.473,15.5,0.507,고각도(내려다봄)
curb,image476_jpg.rf.17abd545ae32e957cfb5779af8a07e92.jpg,train,0.553,22.8,0.427,눈높이(정면)
curb,image425_jpg.rf.b994d355473a3951409e9c942b6395c5.jpg,train,0.505,18.4,0.358,눈높이(정면)
curb,image196_jpg.rf.def66c1882b4d9362be397c1c10a408d.jpg,train,0.4,9.0,0.516,고각도(내려다봄)
curb,image152_jpg.rf.5627c84075ef73296a686875c8902e91.jpg,train,0.418,10.6,0.418,눈높이(정면)
curb,image346_jpg.rf.484b61eae43aa313792826a20000dfc7.jpg,train,0.261,-3.5,0.403,눈높이(정면)
curb,image565_jpg.rf.eb6d37f02360e34ad4913d3e0bcbeb73.jpg,train,0.239,-5.5,0.731,고각도(내려다봄)
curb,image154_jpg.rf.c4544ec91f65e0d16032c0e585de465e.jpg,train,0.468,15.1,0.421,눈높이(정면)
curb,image572_jpg.rf.e5401ef504d2ecd7cf622a3b01c8be7a.jpg,train,0.15,-13.5,0.002,눈높이(정면)
curb,image262_jpg.rf.8945ecf36d97d0e431ba2550b6071577.jpg,train,0.982,61.4,0.491,눈높이(정면)
curb,image548_jpg.rf.09aab9aa268f8f4a2a5e9b8a35098f97.jpg,train,0.17,-11.7,0.455,눈높이(정면)
curb,image682_jpg.rf.3b9858a45bb9cfa0e9b3499e2ad6aed8.jpg,train,0.445,13.1,0.602,고각도(내려다봄)
curb,image112_jpg.rf.f5a7694a8dd970a9c03603736010579d.jpg,train,0.242,-5.2,0.995,고각도(내려다봄)
curb,image110_jpg.rf.d03cc60f67aa7d0167eff035a0900088.jpg,train,0.881,52.3,0.705,고각도(내려다봄)
curb,image135_jpg.rf.e39cbba5def2a6731352cb6f7905a05e.jpg,train,0.585,25.7,0.613,고각도(내려다봄)
curb,0f19bb0689c1a06e2c983a495a134781_jpg.rf.259f1ae36c24a28ddc8880a0b70b5d02.jpg,train,0.569,24.2,0.851,고각도(내려다봄)
curb,image84_jpg.rf.d8405c0cdc900c551f5d9970cd873af5.jpg,train,0.453,13.8,0.548,고각도(내려다봄)
curb,image262_jpg.rf.5e8b72f1834bc54c490e543a2ac4f518.jpg,train,0.086,-19.3,0.489,눈높이(정면)
curb,image248_jpg.rf.0c8ee0e7ee3bb2febc1b376c942c5469.jpg,train,0.67,33.3,0.64,고각도(내려다봄)
curb,image470_jpg.rf.07c024003b9159b9802c1c79f91035d6.jpg,train,0.093,-18.6,0.385,눈높이(정면)
curb,image483_jpg.rf.e5159e7f7e0cf73b7cb29dc309c4854a.jpg,train,0.571,24.4,0.427,눈높이(정면)
curb,image196_jpg.rf.7c0194bddb00b2a4bd982ccb3db3714d.jpg,train,0.242,-5.2,0.541,고각도(내려다봄)
curb,image111_jpg.rf.eacd01194b741671f0cbe6e5f912ca12.jpg,train,0.297,-0.3,0.602,고각도(내려다봄)
curb,0f05cdfe6b9767545d029b2111c700d1_jpg.rf.6bc3c5a277a8e12b336e98235dbb4e05.jpg,train,0.68,34.2,0.882,고각도(내려다봄)
curb,image107_jpg.rf.529f338a85bb2f3e1b94bb8d820205c4.jpg,train,0.205,-8.5,0.598,고각도(내려다봄)
curb,image693_jpg.rf.9e0cf79385f7edfc4ad552a596b6da93.jpg,train,0.91,54.9,0.509,고각도(내려다봄)
curb,image150_jpg.rf.62f4d179be780d69333ffeba0a7c36f5.jpg,train,0.521,19.9,0.448,눈높이(정면)
curb,image644_jpg.rf.87f6e7195aa39fbb3e85cec4b3818ac7.jpg,train,0.202,-8.9,0.547,고각도(내려다봄)
curb,image3_jpg.rf.a75255d4185106bff0793f70c8f9c27e.jpg,train,0.433,12.0,0.487,눈높이(정면)
curb,image28_jpg.rf.f303db1d67f5c0d82223f7dd9d9b16c9.jpg,train,0.525,20.3,0.141,눈높이(정면)
curb,image34_jpg.rf.e8786684e685bc9ab70a69b3f9d7e6a8.jpg,train,0.475,15.7,0.495,눈높이(정면)
curb,0ecde66a4ff27e391c3051fdd2da7570_jpg.rf.0f2384eb33f1a74cb2bb00fa550c04d4.jpg,train,0.758,41.2,0.92,고각도(내려다봄)
curb,image60_jpg.rf.fc7f571e4fe5a139c81a2093edf8e1eb.jpg,train,0.756,41.1,0.633,고각도(내려다봄)
curb,image246_jpg.rf.60097e318ac24df475dff7543dde13bb.jpg,train,0.07,-20.7,0.0,눈높이(정면)
curb,image21_jpg.rf.dbd50587d93aa839d3a1219b740e3b6a.jpg,train,0.805,45.5,0.0,눈높이(정면)
curb,image81_jpg.rf.4bd5b50e07dee319bfe14cad7372b98d.jpg,train,0.107,-17.3,0.474,눈높이(정면)
curb,image297_jpg.rf.e384c7a85a15558a4215250440583b2c.jpg,train,0.958,59.2,0.4,눈높이(정면)
curb,image317_jpg.rf.79d1d1d2887fb00079eab59f9a50f21b.jpg,train,0.198,-9.2,0.513,고각도(내려다봄)
curb,image698_jpg.rf.479259af4a9737572c20a657c1119d52.jpg,train,0.427,11.5,0.386,눈높이(정면)
curb,image176_jpg.rf.059ba79bcd1959413088c7c3bf932de9.jpg,train,0.102,-17.8,1.0,고각도(내려다봄)
curb,curb14_jpg.rf.3a2604429075561db0ba638002e8d3d2.jpg,train,0.321,1.9,0.437,눈높이(정면)
curb,image263_jpg.rf.15809e2c9af78d77d12051bcf764cc87.jpg,train,0.281,-1.7,0.675,고각도(내려다봄)
curb,image532_jpg.rf.317497923f19cd92fe32705b16ea0626.jpg,train,0.666,33.0,0.513,고각도(내려다봄)
curb,image68_jpg.rf.4502bc780652a7098f375a6234290275.jpg,train,0.222,-7.0,0.422,눈높이(정면)
curb,image314_jpg.rf.2dde0a6c468b7788832f13f3cd3afcec.jpg,train,0.224,-6.8,0.348,눈높이(정면)
curb,image438_jpg.rf.2d3fa08446fe400a62f3ec2a5e2c0b42.jpg,train,0.424,11.1,0.634,고각도(내려다봄)
curb,image631_jpg.rf.8d60cdd4901a5df3dd31875b97e8b403.jpg,train,0.215,-7.7,0.0,눈높이(정면)
curb,65eaad5a990a0dacebdb6fdca02ba9a_jpg.rf.f9196a9a490b3a570981e6edd27506ae.jpg,train,0.354,4.9,0.47,눈높이(정면)
curb,image153_jpg.rf.ef9cfa897111084ccb30ba0292356925.jpg,train,0.586,25.7,0.475,눈높이(정면)
curb,image352_jpg.rf.2f6a9f9f9680aa1300a9258c4d023263.jpg,train,0.455,14.0,0.434,눈높이(정면)
curb,image45_jpg.rf.d115a3584ad4a952ab3e05e48f97016b.jpg,train,0.909,54.8,0.437,눈높이(정면)
curb,image78_jpg.rf.14a25e6414efad17f1bc83556cb64fb9.jpg,train,0.766,41.9,0.601,고각도(내려다봄)
curb,image488_jpg.rf.5a93258c0674c8979dbc5ae256d009de.jpg,train,0.091,-18.8,1.0,고각도(내려다봄)
curb,image536_jpg.rf.edaeea30b481171c772e6d32efa88065.jpg,train,0.02,-25.2,0.01,눈높이(정면)
curb,image391_jpg.rf.38a72170d64704ca6f24ad49ebf1d9c2.jpg,train,0.252,-4.3,0.339,눈높이(정면)
curb,image696_jpg.rf.24fa3959988eeeb666ee3aa6904c7bca.jpg,train,0.207,-8.4,0.007,눈높이(정면)
curb,image358_jpg.rf.7a55de5155f87c4ae16dedda98e678ff.jpg,train,0.325,2.3,0.373,눈높이(정면)
curb,05a4bd84894f121e5a39143092c4087_jpg.rf.6a062b64a50fde2e33b17a89f02e4918.jpg,train,0.53,20.7,0.367,눈높이(정면)
curb,image47_jpg.rf.1f13d8c20814a8f839e9d4683748f87c.jpg,train,0.834,48.1,0.503,고각도(내려다봄)
curb,image347_jpg.rf.4900a1216c4c39b3e6b50909ed967888.jpg,train,0.501,18.1,0.388,눈높이(정면)
curb,image378_jpg.rf.bd5451a6b84e3e32b39ce7fdd002a01a.jpg,train,0.508,18.7,0.341,눈높이(정면)
curb,image346_jpg.rf.027208d8ce0755d7e6c8cc40e2373cbc.jpg,train,0.547,22.2,0.4,눈높이(정면)
curb,image135_jpg.rf.a842d18adeb5d85fe644320f3cf29f20.jpg,train,0.485,16.7,0.62,고각도(내려다봄)
curb,0ef8ef08f12a47525ccfea197851a65e_jpg.rf.fefdffd475e89ff46ec7d90350a193d0.jpg,train,0.548,22.3,0.851,고각도(내려다봄)
curb,image201_jpg.rf.eab9e882f8f50d969d871a85246da27f.jpg,train,0.409,9.8,0.015,눈높이(정면)
curb,image182_jpg.rf.ef2710612a5f40b6bbb854685ae542a2.jpg,train,0.809,45.8,0.521,고각도(내려다봄)
curb,curb10_jpg.rf.b6fb0c14b1b6b295b1f1b27d32cdcde1.jpg,train,0.431,11.8,0.457,눈높이(정면)
curb,image318_jpg.rf.cadde879a734ccc5c60a9de9828489e5.jpg,train,0.271,-2.6,0.502,고각도(내려다봄)
curb,image56_jpg.rf.dde754fa4daea950c080bfb99a6c962f.jpg,train,0.688,34.9,0.73,고각도(내려다봄)
curb,image363_jpg.rf.ff708ad44c2421ce079dc090703f09fd.jpg,train,0.172,-11.5,0.565,고각도(내려다봄)
curb,image87_jpg.rf.26127ddc9c90bd575031679ae04319c5.jpg,train,0.414,10.3,0.386,눈높이(정면)
curb,image454_jpg.rf.92ea8cfb8983ef72d5149d5811c8e26b.jpg,train,0.49,17.1,0.504,고각도(내려다봄)
curb,image270_jpg.rf.cb0eaaf9651823438ec98981fb41d358.jpg,train,0.223,-6.9,0.482,눈높이(정면)
curb,image283_jpg.rf.9b151f410406202d37e1c430da5aa7e5.jpg,train,0.169,-11.8,1.0,고각도(내려다봄)
curb,image346_jpg.rf.b220956ace982fc42e5f0f08d7636ee4.jpg,train,0.519,19.7,0.392,눈높이(정면)
curb,1cfd2f5d408754386979092b630410b4_jpg.rf.64b79a1f66ac5bd09afa23739f620e5c.jpg,train,0.612,28.1,0.97,고각도(내려다봄)
curb,image518_jpg.rf.4f89be6c49a1395c475181ec26432c7e.jpg,train,0.463,14.7,0.343,눈높이(정면)
curb,image292_jpg.rf.f0e4082b0fddc25f45a2cd17fe4ae519.jpg,train,0.809,45.8,0.352,눈높이(정면)
curb,image358_jpg.rf.148a9279b3e02c0c399d2f9dd6c1a2b6.jpg,train,0.555,22.9,0.37,눈높이(정면)
curb,image151_jpg.rf.9b1cb6a86d2db14d3cb72dfd0758b51e.jpg,train,0.367,6.0,0.28,눈높이(정면)
curb,image522_jpg.rf.21dd04e2160dc2a27518e5d8b8a10116.jpg,train,0.74,39.6,0.457,눈높이(정면)
curb,image671_jpg.rf.e478bd319ffc218ae4d71fb97adaa885.jpg,train,0.725,38.2,0.552,고각도(내려다봄)
curb,image698_jpg.rf.203bfe3258b6b7d42174def55ea32da2.jpg,train,0.554,22.9,0.386,눈높이(정면)
curb,image549_jpg.rf.b0f364dc080adf4a6d028fca15e8a234.jpg,train,0.152,-13.4,0.492,눈높이(정면)
curb,1c896ac979e1c56a77faa076886e2d6b_jpg.rf.ea54ffa93bb885c5a153cd1e8351cbdd.jpg,train,0.553,22.8,0.962,고각도(내려다봄)
curb,image707_jpg.rf.adcada947e734e53ee8b3ce9e6fa9178.jpg,train,0.438,12.4,0.486,눈높이(정면)
curb,image432_jpg.rf.3bfccff2d39cfa42b32d6ce3343751cc.jpg,train,0.823,47.0,0.607,고각도(내려다봄)
curb,image692_jpg.rf.5a83528e92e3fc4b12743da300502782.jpg,train,0.384,7.5,0.484,눈높이(정면)
curb,image440_jpg.rf.2bb5eed321eb25513ff2557d708673d9.jpg,train,0.142,-14.2,0.382,눈높이(정면)
curb,image113_jpg.rf.63ad3d02a12b24a5305db2c6c88c484d.jpg,train,0.599,26.9,0.39,눈높이(정면)
curb,image42_jpg.rf.68a5216dae3604317859355336d68b30.jpg,train,0.134,-14.9,0.461,눈높이(정면)
curb,image300_jpg.rf.1697ca3d5410e892a1c9da283d963da5.jpg,train,0.262,-3.4,1.0,고각도(내려다봄)
curb,image23_jpg.rf.68158bd83d53d68f297240b1582b54fe.jpg,train,0.62,28.8,0.417,눈높이(정면)
curb,image297_jpg.rf.4467a2e622acde85eac59dae0e593d75.jpg,train,0.946,58.2,0.407,눈높이(정면)
curb,image558_jpg.rf.f459ca29b8741c51371a715f2f06546b.jpg,train,0.107,-17.3,0.519,고각도(내려다봄)
curb,image545_jpg.rf.0c7dd1069919a0ebedcd9396de456de9.jpg,train,0.574,24.7,0.436,눈높이(정면)
curb,curb9_jpg.rf.b1f07fcdea2f3b172516f0bca17b167b.jpg,train,0.755,41.0,0.046,눈높이(정면)
curb,0f2cc6f805920e3690d8b9784f335f8e_jpg.rf.50b68d3f7a89d50a128b003fd37628d2.jpg,train,0.644,30.9,0.976,고각도(내려다봄)
curb,image24_jpg.rf.dac627f49f6d0553c22c7814fdffda2d.jpg,train,0.169,-11.8,0.99,고각도(내려다봄)
curb,image477_jpg.rf.bf65ec0ee919d558d28184f2a3cef3e8.jpg,train,0.158,-12.8,0.331,눈높이(정면)
curb,image139_jpg.rf.5e4f14a1714fff7d53db8b34f18d183c.jpg,train,0.245,-5.0,0.555,고각도(내려다봄)
curb,image40_jpg.rf.e5321b2dccad0db4c2fda16d9f632bae.jpg,train,0.548,22.4,0.619,고각도(내려다봄)
curb,curb21_jpeg_jpg.rf.ed788cea190ed3012dc8a840f63d42eb.jpg,train,0.138,-14.6,0.516,고각도(내려다봄)
curb,image59_jpg.rf.86b5acb4da616260ea02a772721c0fac.jpg,train,0.579,25.1,0.428,눈높이(정면)
curb,image198_jpg.rf.9b1aa3a22b950ceb4a5a342cd9ae8449.jpg,train,0.387,7.8,0.362,눈높이(정면)
curb,image150_jpg.rf.12648af323c6b48d5c36f1c30a73b549.jpg,train,0.455,13.9,0.448,눈높이(정면)
curb,image315_jpg.rf.2d2abe0a508b8e345d10ac92d55ffbb8.jpg,train,0.654,31.9,0.5,고각도(내려다봄)
curb,image349_jpg.rf.e7e0b52caf8fdf29dcadbe2e3b063c5d.jpg,train,0.268,-2.9,0.493,눈높이(정면)
curb,image116_jpg.rf.8a2696eb225cc0411377e957de965781.jpg,train,0.839,48.6,0.534,고각도(내려다봄)
curb,0edbccc4d27d883c113e7edee8e7caf4_jpg.rf.517753be5c733e706ef70f5f37d87614.jpg,train,0.549,22.4,0.748,고각도(내려다봄)
curb,image6_jpg.rf.99bc819b105aa8d4207c7a63141e5c3a.jpg,train,0.754,40.9,0.367,눈높이(정면)
curb,image91_jpg.rf.8758090e20e4f2820382172424a902b9.jpg,train,0.664,32.8,0.545,고각도(내려다봄)
curb,image175_jpg.rf.ff204d6991d2d7f32ab50661c0a8642d.jpg,train,0.136,-14.8,0.464,눈높이(정면)
curb,image92_jpg.rf.0379deb2bb773a130cfb0a992edf2e29.jpg,train,0.922,56.0,0.409,눈높이(정면)
curb,image447_jpg.rf.5e6952bd7dc03e8d36c3d21776a882ae.jpg,train,0.175,-11.2,0.582,고각도(내려다봄)
curb,curb12_jpg.rf.c18d5c96fbcf72000852299fa2cb7979.jpg,train,0.377,7.0,0.543,고각도(내려다봄)
curb,image510_jpg.rf.1f5ec5ffad1b3181e2ebac9a6ddfe4cf.jpg,train,0.409,9.8,0.603,고각도(내려다봄)
curb,0ed0d6974fbd26e9a3e77aa1742d4bd2_jpg.rf.e2b651ffeef56a9c3951e7054ad89c49.jpg,train,0.203,-8.8,0.727,고각도(내려다봄)
curb,image441_jpg.rf.6f88b80231ddd64f9fb40a6700df9fdd.jpg,train,0.347,4.2,1.0,고각도(내려다봄)
curb,image670_jpg.rf.6e5b641e6a7963d3688ac03aa1d302c0.jpg,train,0.442,12.8,0.482,눈높이(정면)
curb,image482_jpg.rf.e09ca6088b9841e6e7808fed19b8594c.jpg,train,0.352,4.7,0.542,고각도(내려다봄)
curb,image24_jpg.rf.f0a8422a1ea2e8d2851f2abf968a6604.jpg,train,0.223,-6.9,0.788,고각도(내려다봄)
curb,image79_jpg.rf.963fb760872490a110c2ef428a037f26.jpg,train,0.448,13.4,0.442,눈높이(정면)
curb,image51_jpg.rf.f1cf4b8369efc56b60f4daaa014ff12d.jpg,train,0.739,39.5,0.779,고각도(내려다봄)
curb,image176_jpg.rf.fe619636c5a799f9a19e7c7d7bd26f07.jpg,train,0.088,-19.1,0.092,눈높이(정면)
curb,image50_jpg.rf.53c6c7e1f2b6693151a28db46dc0982c.jpg,train,0.146,-13.9,0.326,눈높이(정면)
curb,image183_jpg.rf.29d8d4ce625016c3de00a1e4c7c6fcb7.jpg,train,0.328,2.5,0.268,눈높이(정면)
curb,image609_jpg.rf.0aaf70140e385b1589be511daa7623b9.jpg,train,0.173,-11.4,0.553,고각도(내려다봄)
curb,curb7_jpg.rf.ea7efb0fbcc963219cffd929f00668bb.jpg,train,0.19,-9.9,0.156,눈높이(정면)
curb,image111_jpg.rf.0e3425ca22ec1714909c2e89e4ee3525.jpg,train,0.39,8.1,0.567,고각도(내려다봄)
curb,1cc720be67cdf3c0a320c6877eb94c87_jpg.rf.42756ea84f3265d248f81c2a890013ac.jpg,train,0.716,37.5,0.99,고각도(내려다봄)
curb,image442_jpg.rf.b653b1c6f0e873f11fc888f0627894ab.jpg,train,0.359,5.3,0.56,고각도(내려다봄)
curb,image676_jpg.rf.138f15ca8e5974555e786efef5565352.jpg,train,0.222,-7.0,0.558,고각도(내려다봄)
curb,image345_jpg.rf.9bca2369c4ff66b30ef0ec5f4147d08d.jpg,train,0.16,-12.6,0.385,눈높이(정면)
curb,image416_jpg.rf.a9736996635aa147ba9dcb52c6e01f11.jpg,train,0.407,9.7,0.516,고각도(내려다봄)
curb,image695_jpg.rf.a63ac2253783bc8f77a5f6c7b09ba098.jpg,train,0.346,4.1,0.615,고각도(내려다봄)
curb,image99_jpg.rf.eceaad72c8fa0f711ebc4d8b3e26cb52.jpg,train,0.206,-8.4,0.573,고각도(내려다봄)
curb,image136_jpg.rf.44d6cf4056a583d58063dc69af10b87b.jpg,train,0.165,-12.2,0.421,눈높이(정면)
curb,image304_jpg.rf.ce708ab436f9325dff35b962c47929b3.jpg,train,0.752,40.7,0.499,눈높이(정면)
curb,image533_jpg.rf.201b30487995c15f987020eaf6552061.jpg,train,0.552,22.6,0.173,눈높이(정면)
curb,d0ea559176e7af941d25859f5340282_jpg.rf.7f54e12adc97d6f2368534e881f1a458.jpg,train,0.426,11.3,0.64,고각도(내려다봄)
curb,image38_jpg.rf.3545ebf0d0e634f6f812f77ddd0da5d7.jpg,train,0.161,-12.6,0.62,고각도(내려다봄)
curb,image507_jpg.rf.84aa9cfdcaf28ce14d907a274e6b7515.jpg,train,0.669,33.2,0.623,고각도(내려다봄)
curb,image366_jpg.rf.db9cd0cfade11b503a33e82359cb28d6.jpg,train,0.462,14.6,0.572,고각도(내려다봄)
curb,image340_jpg.rf.c80ed130ff1b3275ea12793121660efe.jpg,train,0.388,7.9,0.357,눈높이(정면)
curb,image567_jpg.rf.9604f6508ec151add338a0fe3f60f756.jpg,train,0.517,19.5,0.494,눈높이(정면)
curb,image355_jpg.rf.c523f6a7fa2ec4099feec9de6db73045.jpg,train,0.892,53.3,0.522,고각도(내려다봄)
curb,image543_jpg.rf.3c128124c88c3263d37bb78456b3c358.jpg,train,0.128,-15.5,0.62,고각도(내려다봄)
curb,image185_jpg.rf.9603e750fc4774ae710ed7bbe756f9f8.jpg,train,0.843,48.9,0.438,눈높이(정면)
curb,image291_jpg.rf.2a98eeef70c3e349658187eeacf16c83.jpg,train,0.856,50.1,0.48,눈높이(정면)
curb,image516_jpg.rf.56fa06e482b2690ba3e1fbe21de14165.jpg,train,0.378,7.0,0.488,눈높이(정면)
curb,image69_jpg.rf.c973b07fd15ec306633f8a3822f574d9.jpg,train,0.59,26.1,0.588,고각도(내려다봄)
curb,image342_jpg.rf.4a123c96ff3d3c75bf16ff585ee4e0a0.jpg,train,0.519,19.7,0.247,눈높이(정면)
curb,image490_jpg.rf.767198a30dbb379303c476ac117a4a5e.jpg,train,0.231,-6.2,0.374,눈높이(정면)
curb,image81_jpg.rf.6290a254893a784a259db01b45cbd2cb.jpg,train,0.188,-10.1,0.477,눈높이(정면)
curb,image391_jpg.rf.704cdb44b5dd951c8361e070a210fa3c.jpg,train,0.307,0.6,0.35,눈높이(정면)
curb,image637_jpg.rf.d4e7e39e22edafce3d7bbf59d24ec80c.jpg,train,0.766,42.0,0.133,눈높이(정면)
curb,image265_jpg.rf.6aaab7f79bf66d8c94263ea1a3aa4298.jpg,train,0.958,59.2,0.485,눈높이(정면)
curb,curb18_jpeg_jpg.rf.0d2839a2253f4fc5714f4518ce457dc0.jpg,train,0.24,-5.4,0.587,고각도(내려다봄)
curb,curb22_jpeg_jpg.rf.e10a3af21c9be9743e9fdbe0e6821db8.jpg,train,0.842,48.8,0.338,눈높이(정면)
curb,image203_jpg.rf.686179aeb3c960e5479c50139196a4b2.jpg,train,0.324,2.2,0.476,눈높이(정면)
curb,image297_jpg.rf.bb5d22368385589dd8519e8e8fa5efa4.jpg,train,0.972,60.5,0.402,눈높이(정면)
curb,0ee70c7135529b40a0b461a1f59ed568_jpg.rf.8f87e6f0db86edae600e43a6e509e2e4.jpg,train,0.502,18.1,0.599,고각도(내려다봄)
curb,image47_jpg.rf.2fb05e1a705e878c920a518616acc352.jpg,train,0.819,46.7,0.502,고각도(내려다봄)
curb,image33_jpg.rf.b64499eed8ddab9d6bedf6d85645ce9f.jpg,train,0.207,-8.4,0.389,눈높이(정면)
curb,image564_jpg.rf.003d7f18724c84d5c113c4d2298297e9.jpg,train,0.095,-18.5,0.346,눈높이(정면)
curb,image241_jpg.rf.a955fafcb5f852d1b90235daa06a6bba.jpg,train,0.38,7.2,0.505,고각도(내려다봄)
curb,image110_jpg.rf.10b1d46e1a65993cabab14fd2061814a.jpg,train,0.524,20.2,0.704,고각도(내려다봄)
curb,image27_jpg.rf.e1540896c73fb0f8bece72e4d610b803.jpg,train,0.092,-18.7,0.417,눈높이(정면)
curb,image699_jpg.rf.803ba689b2ddf800413011a874cd7827.jpg,train,0.577,24.9,0.454,눈높이(정면)
curb,image311_jpg.rf.970c7abb9057e3974dc374e0848cd4a7.jpg,train,0.107,-17.3,0.442,눈높이(정면)
curb,image447_jpg.rf.b3212469277f119fdd3fe6b335f4206f.jpg,train,0.166,-12.0,0.58,고각도(내려다봄)
curb,image481_jpg.rf.ab2ff71cafddaf28635da0a4ebbce465.jpg,train,0.477,16.0,0.577,고각도(내려다봄)
curb,image181_jpg.rf.f9a16afd4d9e9ed8dc0d0956a4313c53.jpg,train,0.07,-20.7,0.503,고각도(내려다봄)
curb,3a8998da8fe4abd6cbecb12c6fc4753_jpg.rf.1dbfa735ec7aa3f98ab3162f2ecd5e1c.jpg,train,0.423,11.1,0.474,눈높이(정면)
curb,image685_jpg.rf.4bea66ef6219646b94bdfe1796596b88.jpg,train,0.185,-10.3,0.461,눈높이(정면)
curb,image91_jpg.rf.cb9ccd4f2f55d0e7a0d79f1b72e1a392.jpg,train,0.671,33.4,0.547,고각도(내려다봄)
curb,image306_jpg.rf.acfbc0d615e7becb77cbc2f4fbc3d230.jpg,train,0.156,-12.9,0.56,고각도(내려다봄)
curb,image68_jpg.rf.f42a31c6d86373a0f377e9228216501d.jpg,train,0.215,-7.7,0.425,눈높이(정면)
curb,image61_jpg.rf.40b7462a87e389e21611a0701f8b9576.jpg,train,0.455,13.9,0.913,고각도(내려다봄)
curb,image609_jpg.rf.99f92f002cae79773a8e749977e79cab.jpg,train,0.788,43.9,0.558,고각도(내려다봄)
curb,image463_jpg.rf.fcdc4c70d6ecb60a032ed0580c0df992.jpg,train,0.841,48.7,0.27,눈높이(정면)
curb,image339_jpg.rf.d5d4e21da76a3ec9fc4ba918519b9a84.jpg,train,0.555,22.9,0.464,눈높이(정면)
curb,image263_jpg.rf.6e5a9b733dc7c10481bb6e8a1b1ce586.jpg,train,0.397,8.8,0.675,고각도(내려다봄)
curb,image186_jpg.rf.a509ad55ca918a85d848c11c562832f7.jpg,train,0.859,50.3,0.5,고각도(내려다봄)
curb,curb15_jpeg_jpg.rf.a679eabc8682f4ae223b86101fa3740d.jpg,train,0.599,26.9,0.444,눈높이(정면)
curb,image28_jpg.rf.479f4a9ae0b983fcfb3b2af24eae268a.jpg,train,0.392,8.3,0.433,눈높이(정면)
curb,image177_jpg.rf.84a2902166e2c192a2b7433806ce9108.jpg,train,0.518,19.6,0.518,고각도(내려다봄)
curb,image626_jpg.rf.3008f9ca9702ce1cd2303146b0e3f796.jpg,train,0.453,13.8,0.009,눈높이(정면)
curb,image645_jpg.rf.17188cca15e5d07ab41c0d7cfde75559.jpg,train,0.784,43.5,0.358,눈높이(정면)
curb,image339_jpg.rf.61888818e128c08f8aaa25066c763d1c.jpg,train,0.497,17.7,0.468,눈높이(정면)
curb,1c9080b7a057a5b2fb63c98f201fa0dd_jpg.rf.c848a72ad024e734db4e5c6dc1716803.jpg,train,0.677,34.0,0.99,고각도(내려다봄)
curb,image198_jpg.rf.b3666da7f49116e23913fac31079be9f.jpg,train,0.882,52.4,0.344,눈높이(정면)
curb,image482_jpg.rf.b7ee09c2996b25f5aee098366de5f8c2.jpg,train,0.426,11.4,0.512,고각도(내려다봄)
curb,image676_jpg.rf.b48f59b8babde05a518a1b79c9cb7e45.jpg,train,0.605,27.4,0.557,고각도(내려다봄)
curb,image52_jpg.rf.d2fd74b091b65e6cce10214f6df3963a.jpg,train,0.295,-0.5,0.797,고각도(내려다봄)
curb,image59_jpg.rf.30ad34adc2f180c233567a4eab8501d0.jpg,train,0.189,-10.0,0.657,고각도(내려다봄)
curb,image66_jpg.rf.af7b8e3e2f52efe7e357c127e31367eb.jpg,train,0.398,8.9,0.474,눈높이(정면)
curb,image131_jpg.rf.e33252655921f152eeb8a458b014a0a3.jpg,train,0.177,-11.0,0.465,눈높이(정면)
curb,image198_jpg.rf.d7198465ef90663fb6b8eb6abf13b33a.jpg,train,0.33,2.7,0.343,눈높이(정면)
curb,image27_jpg.rf.6edfcc570bb0ac1ee049f8bce76336b1.jpg,train,0.452,13.7,0.318,눈높이(정면)
curb,image377_jpg.rf.a12526871389db1da316a6fa950bd132.jpg,train,0.577,24.9,0.584,고각도(내려다봄)
curb,image237_jpg.rf.cbc630ca4cb0bf199553ccbd5114739e.jpg,train,0.162,-12.4,0.506,고각도(내려다봄)
curb,f1bc52f3da9063a376cdb0d790b298b_jpg.rf.606ac84534ae0d2f48d73c0026a1a07d.jpg,train,0.177,-11.1,0.74,고각도(내려다봄)
curb,image636_jpg.rf.ead372aa69887a9d5334e8a3bc107066.jpg,train,0.165,-12.2,0.121,눈높이(정면)
curb,image417_jpg.rf.ab84a0deb8bfcc01dfd2827294f3cc52.jpg,train,0.331,2.8,0.391,눈높이(정면)
curb,image234_jpg.rf.73c54c4668124aa50bc2272e87f1ac7d.jpg,train,0.747,40.2,0.435,눈높이(정면)
curb,image519_jpg.rf.c696216c4eec2a99bc5824a5b17bc0ca.jpg,train,0.727,38.4,0.513,고각도(내려다봄)
curb,image627_jpg.rf.ab266cbddf51af194fae7bf9252ef7e1.jpg,train,0.45,13.5,0.255,눈높이(정면)
curb,image638_jpg.rf.0b7ccf9a658de60cd7999023b697e49d.jpg,train,0.728,38.5,0.312,눈높이(정면)
curb,image391_jpg.rf.2aa314c6ad50ecbb9845f450d7b0b176.jpg,train,0.616,28.4,0.355,눈높이(정면)
curb,image31_jpg.rf.9fdcf5c8cfc93185045de3e2e4eca95f.jpg,train,0.154,-13.2,0.187,눈높이(정면)
curb,image636_jpg.rf.38d915d2e2bcf72bdddfebb9b3148b41.jpg,train,0.191,-9.8,0.0,눈높이(정면)
curb,image379_jpg.rf.e675c5443d62ce22d2fbb6e12c87e272.jpg,train,0.265,-3.1,0.554,고각도(내려다봄)
curb,image699_jpg.rf.8c8942d50709d1f5bc284b25eeefcddd.jpg,train,0.695,35.5,0.454,눈높이(정면)
curb,image389_jpg.rf.d811daae3171a15b854f67af46ad2e76.jpg,train,0.466,14.9,0.56,고각도(내려다봄)
curb,image576_jpg.rf.dcfec98f0e7aa9a2ff0e960e02106da8.jpg,train,0.556,23.1,0.431,눈높이(정면)
curb,image201_jpg.rf.4d349c208849afc0f5214df8d74537c3.jpg,train,0.249,-4.6,0.015,눈높이(정면)
curb,image357_jpg.rf.571a61087715521af4c19fc3e605c120.jpg,train,0.312,1.1,0.753,고각도(내려다봄)
curb,image672_jpg.rf.0df01048322a54cea1d61369ab1fb76f.jpg,train,0.231,-6.2,0.413,눈높이(정면)
curb,image239_jpg.rf.67cab27cce2be05760aa0fb05abc9eb0.jpg,train,0.507,18.6,0.311,눈높이(정면)
curb,image309_jpg.rf.5bd08ba0d9e93e27a5b95637f3fed4ec.jpg,train,0.859,50.3,0.458,눈높이(정면)
curb,image588_jpg.rf.0e0759b412afc3ac429ba99da5bf28bb.jpg,train,0.341,3.7,0.381,눈높이(정면)
curb,image406_jpg.rf.e41ac9b4edafde410627bde32a657d21.jpg,train,0.215,-7.7,0.502,고각도(내려다봄)
curb,image239_jpg.rf.754e027326ed968b6095b71dc72d92c0.jpg,train,0.534,21.1,0.311,눈높이(정면)
curb,image308_jpg.rf.f88ca56e46878a19e10dbda6687508dc.jpg,train,0.681,34.3,0.5,고각도(내려다봄)
curb,image50_jpg.rf.e64ef14a4f471cdbba3c039d4d49a76d.jpg,train,0.146,-13.9,0.324,눈높이(정면)
curb,image171_jpg.rf.c6c406038f22b921344462a579c8b1ea.jpg,train,0.27,-2.7,0.497,눈높이(정면)
curb,image271_jpg.rf.d5d89574dd55894b7cfbe675cad35c44.jpg,train,0.256,-3.9,0.497,눈높이(정면)
curb,curb20_jpg.rf.eff3103f2487e6b1b641961720165c20.jpg,train,0.228,-6.5,0.332,눈높이(정면)
curb,3a8998da8fe4abd6cbecb12c6fc4753_jpg.rf.607db7511163565a37ddf962d7a11bb6.jpg,train,0.34,3.6,0.436,눈높이(정면)
curb,image40_jpg.rf.f6c72eb87f72d50d1f03954e9c1551d8.jpg,train,0.177,-11.1,0.484,눈높이(정면)
curb,image213_jpg.rf.438e5cc43a9b0b6c9db32a982b52f058.jpg,train,0.963,59.7,0.737,고각도(내려다봄)
curb,image332_jpg.rf.8f42560cedfb87ccbfbfae8e448ec9d3.jpg,train,0.843,48.9,1.0,고각도(내려다봄)
curb,image73_jpg.rf.edf1f2c32cce41a1cb05deb98a0a64d8.jpg,train,0.475,15.7,0.541,고각도(내려다봄)
curb,63f1b93fa1ee0a7767105f4f4caea5b_jpg.rf.1ea30c24ad3c75c1a0bf1647330f2ab1.jpg,train,0.338,3.4,0.426,눈높이(정면)
curb,image44_jpg.rf.d63b55b29663dca3d91e7d5af336aec4.jpg,train,0.823,47.1,0.561,고각도(내려다봄)
curb,image230_jpg.rf.dcd2e8389ac2e393699e6507a5bdd2ae.jpg,train,0.748,40.4,0.454,눈높이(정면)
curb,image8_jpg.rf.3b8e5083fa732b9f6735cd2d2b138000.jpg,train,0.342,3.8,0.392,눈높이(정면)
curb,image73_jpg.rf.643fc068e7e8a3b0f231ed9a02510b58.jpg,train,0.244,-5.1,0.006,눈높이(정면)
curb,image40_jpg.rf.d4b77bb7357b31c2064c1ac8b4464856.jpg,train,0.185,-10.3,0.484,눈높이(정면)
curb,image158_jpg.rf.f5d359d75b7ba2e44ef50c166c5ec27b.jpg,train,0.293,-0.6,0.384,눈높이(정면)
curb,image28_jpg.rf.45f609f0859d0c3942ae9d1e47551292.jpg,train,0.443,12.9,0.464,눈높이(정면)
curb,image481_jpg.rf.20574fb988b0988afd859bf986f1f5ad.jpg,train,0.359,5.3,0.578,고각도(내려다봄)
curb,image78_jpg.rf.249a0b711d9a4c62c492719173c3340b.jpg,train,0.279,-1.9,0.624,고각도(내려다봄)
curb,image699_jpg.rf.a586bf8b9afb40bf85cf78d5901076ef.jpg,train,0.433,12.0,0.455,눈높이(정면)
curb,image264_jpg.rf.4cc04e083d7e4818a9762020a6ae8e5c.jpg,train,0.545,22.0,0.423,눈높이(정면)
curb,image563_jpg.rf.5135a6d7801fc90003d4a4f62c313450.jpg,train,0.17,-11.7,0.361,눈높이(정면)
curb,image278_jpg.rf.66c504265868b1f6d2a28b3c3ded0b35.jpg,train,0.791,44.2,0.605,고각도(내려다봄)
curb,image76_jpg.rf.0775339af5d2aca7e72a85920f775050.jpg,train,0.401,9.1,0.4,눈높이(정면)
curb,d5af76b2b5c3f536ddc42602e180ac1_jpg.rf.a03f8d89ce90c705612affc071e7c0e2.jpg,train,0.305,0.4,0.559,고각도(내려다봄)
curb,image341_jpg.rf.fca74839640e746db4ab25f94e5b4a74.jpg,train,0.28,-1.8,0.525,고각도(내려다봄)
curb,image51_jpg.rf.72e540ef51ca9d989377f8b98c43864c.jpg,train,0.222,-7.0,0.558,고각도(내려다봄)
curb,image265_jpg.rf.5224a542944eb6efc88911779fe0a733.jpg,train,0.919,55.7,0.491,눈높이(정면)
curb,image552_jpg.rf.4263bdad740676169f251ba003200f7c.jpg,train,0.287,-1.2,0.369,눈높이(정면)
curb,image701_jpg.rf.e1a6c3ebaa8c044b0c63fca1ec4f102d.jpg,train,0.559,23.3,0.461,눈높이(정면)
curb,image507_jpg.rf.5466c119353ea5b8e06f61bf33738b53.jpg,train,0.591,26.2,0.622,고각도(내려다봄)
curb,image94_jpg.rf.538b0e8a39d79e84e4399d41d801817f.jpg,train,0.817,46.5,0.371,눈높이(정면)
curb,image629_jpg.rf.a7123879ed7d8d7b06e7fd18948f36c0.jpg,train,0.785,43.7,0.32,눈높이(정면)
curb,image90_jpg.rf.bfd3f6e342429375b02d8bb9ff512ccf.jpg,train,0.547,22.2,0.534,고각도(내려다봄)
curb,image343_jpg.rf.59b975d0be0a92c04ccf2a8357ba7556.jpg,train,0.56,23.4,0.332,눈높이(정면)
curb,image296_jpg.rf.88afe1900e108135d2e07dcb8f7c61c7.jpg,train,0.677,33.9,0.029,눈높이(정면)
curb,image332_jpg.rf.7100862d210b4cea33f55d6d169f2a1b.jpg,train,0.809,45.8,0.325,눈높이(정면)
curb,image695_jpg.rf.6627fee8e19854dd0edd669cac92c8d4.jpg,train,0.328,2.5,0.61,고각도(내려다봄)
curb,image690_jpg.rf.54a935c9069f7fe0217de38af5460c71.jpg,train,0.661,32.4,0.443,눈높이(정면)
curb,7e8e486c7a080dac6e9dfd4fe486189_jpg.rf.90893ab8aa558c7c42fb2b6ac9eaa247.jpg,train,0.424,11.2,0.664,고각도(내려다봄)
curb,image250_jpg.rf.aa2b77d13b59ecc670e26aa6ba5f7f8e.jpg,train,0.51,18.9,0.388,눈높이(정면)
curb,image521_jpg.rf.4b5b15a5b51fb6ba1cd6e61c500a325e.jpg,train,0.676,33.8,0.444,눈높이(정면)
curb,image253_jpg.rf.0aea35c43d44a660fd671fbce495b099.jpg,train,0.061,-21.5,0.499,눈높이(정면)
curb,0ef16147f027f1d5de9a5f1e638353dd_jpg.rf.e8b416550c120e5816d315a90ce09702.jpg,train,0.634,30.1,0.892,고각도(내려다봄)
curb,image376_jpg.rf.cbbabd6d8428791977291e8112594d83.jpg,train,0.287,-1.2,0.554,고각도(내려다봄)
curb,image631_jpg.rf.035460024439c18ab2f42f0410ac9e7b.jpg,train,0.418,10.6,0.557,고각도(내려다봄)
curb,image445_jpg.rf.5e67dc26e2deac56a1e3921efd69b524.jpg,train,0.829,47.6,0.517,고각도(내려다봄)
curb,image57_jpg.rf.3c6ff76060c0e1c28fccb10f95fc66d8.jpg,train,0.807,45.6,0.419,눈높이(정면)
curb,image221_jpg.rf.3b1f74dd65b0550dac04719ab69ea2c5.jpg,train,0.145,-13.9,0.423,눈높이(정면)
curb,image96_jpg.rf.16bc355e918083440df883ec29165d6c.jpg,train,0.07,-20.7,0.0,눈높이(정면)
curb,0edbb04e67a32abe7a007b6ab8af9304_jpg.rf.08c1bc1daf286ff6fe025273c2a92a40.jpg,train,0.529,20.6,0.649,고각도(내려다봄)
curb,image647_jpg.rf.1744ed0b8647ee64335509fd27aa7004.jpg,train,0.146,-13.9,0.0,눈높이(정면)
curb,image39_jpg.rf.45f3237e1e0144a62d2a16acdba1aa2b.jpg,train,0.83,47.7,0.531,고각도(내려다봄)
curb,image22_jpg.rf.71861cf652dfa9718f5fd5ea80750181.jpg,train,0.506,18.6,0.954,고각도(내려다봄)
curb,image191_jpg.rf.2a289962ec65b0c0d4f3158ff63d694e.jpg,train,0.313,1.2,0.452,눈높이(정면)
curb,image435_jpg.rf.32d264fa2d1cc18db2df2bd29136ac55.jpg,train,0.486,16.7,0.553,고각도(내려다봄)
curb,image23_jpg.rf.5e8d14f6629dbbdc953548c982e02ced.jpg,train,0.678,34.0,0.422,눈높이(정면)
curb,image250_jpg.rf.5cb196b273447950e6e95ed8a1305eb0.jpg,train,0.141,-14.3,0.368,눈높이(정면)
curb,image492_jpg.rf.cef46a002fa26805695f6e8bed09f9cf.jpg,train,0.549,22.4,0.39,눈높이(정면)
curb,7e8e486c7a080dac6e9dfd4fe486189_jpg.rf.8de76402c9a36bd5adc3cfca5b86a3f4.jpg,train,0.089,-19.0,0.664,고각도(내려다봄)
curb,image623_jpg.rf.6c7eec0c97aa05e7565d5c8acfb990db.jpg,train,0.18,-10.8,0.471,눈높이(정면)
curb,image182_jpg.rf.9f8d4fd75e813e91eec243b8b0fcba92.jpg,train,0.762,41.6,0.511,고각도(내려다봄)
curb,image331_jpg.rf.e2f8c7b9127f3c3fdac5353d754af7d1.jpg,train,0.704,36.4,0.0,눈높이(정면)
curb,image495_jpg.rf.31d25d44f023b4cc693ac39367e875f1.jpg,train,0.079,-19.9,0.0,눈높이(정면)
curb,image66_jpg.rf.8bcdf34bd1d88f29957eee3bc7a96332.jpg,train,0.806,45.6,0.27,눈높이(정면)
curb,0a69fb74414c74a0b5c07c2cd052dd23_jpg.rf.29e14bef5e161c2e438efbcea2301b48.jpg,train,0.548,22.3,0.845,고각도(내려다봄)
curb,image483_jpg.rf.258db25e253ff1ec6cda1f607ee6d533.jpg,train,0.511,19.0,0.427,눈높이(정면)
curb,image77_jpg.rf.bb5076dab75e0929e717243a7a98a89a.jpg,train,0.662,32.6,0.755,고각도(내려다봄)
curb,image186_jpg.rf.aef8888a1d0c2e05dd650c2a33cead75.jpg,train,0.768,42.1,0.497,눈높이(정면)
curb,image307_jpg.rf.5551edeb369dfd422fb34dd6b195439e.jpg,train,0.14,-14.4,0.433,눈높이(정면)
curb,image371_jpg.rf.7fb5bedff75c6e59da4ecba697548f5b.jpg,train,0.205,-8.5,0.0,눈높이(정면)
curb,image429_jpg.rf.ee7191e314104f4dd80c36d1c0be19bc.jpg,train,0.21,-8.1,0.47,눈높이(정면)
curb,image396_jpg.rf.81a4a49090a81c9632e5684d29c0253b.jpg,train,0.759,41.3,0.377,눈높이(정면)
curb,image634_jpg.rf.c1bc02d82573d18f46f661e53c4b70df.jpg,train,0.693,35.4,0.355,눈높이(정면)
curb,image600_jpg.rf.c139e94af253ecc687302cce08e2ce58.jpg,train,0.756,41.1,0.584,고각도(내려다봄)
curb,image632_jpg.rf.618c6ae55e64a8d40b437b7864121a2c.jpg,train,0.415,10.4,0.554,고각도(내려다봄)
curb,curb7_jpg.rf.fe3ee283f9eb238b94bcbf04d5e24177.jpg,train,0.088,-19.1,0.152,눈높이(정면)
curb,image261_jpg.rf.c98c6f9aa7a702c71c057f703e39db4e.jpg,train,0.387,7.8,0.753,고각도(내려다봄)
curb,image442_jpg.rf.a0f71d6096a0089ef60cc140032b5975.jpg,train,0.286,-1.3,0.559,고각도(내려다봄)
curb,image13_jpg.rf.689e0c2a06935c551bb6f28b81507976.jpg,train,0.848,49.3,0.518,고각도(내려다봄)
curb,image115_jpg.rf.b69c4b4bc66a1fc319d964aaee900015.jpg,train,0.141,-14.3,0.729,고각도(내려다봄)
curb,image241_jpg.rf.ce0d50d449c9ba1d9d942f8e393a297c.jpg,train,0.459,14.3,0.804,고각도(내려다봄)
curb,image342_jpg.rf.f809235fc502c9d128de89b758050878.jpg,train,0.488,16.9,0.0,눈높이(정면)
curb,image290_jpg.rf.2dfd12c599bc5bf335ad4c075e88a881.jpg,train,0.091,-18.8,0.632,고각도(내려다봄)
curb,image38_jpg.rf.1d66b32f6b46dec5cc6891560bcd4caf.jpg,train,0.639,30.5,0.52,고각도(내려다봄)
curb,5b2af87474c0e14fa79182f20c9d520_jpg.rf.1e3f73a4d8775201d6743cf4f309ba94.jpg,train,0.923,56.1,0.324,눈높이(정면)
curb,image274_jpg.rf.4e6e234996125c53250bf8462ffc70d3.jpg,train,0.158,-12.8,0.642,고각도(내려다봄)
curb,image636_jpg.rf.58233e7d1cc0be0b05824245ea14359a.jpg,train,0.164,-12.2,0.0,눈높이(정면)
curb,image552_jpg.rf.202a69fc1777c7d638f9f0c09b5761d8.jpg,train,0.25,-4.5,0.374,눈높이(정면)
curb,image191_jpg.rf.808821ef0ccb5fb484e89495c29a6769.jpg,train,0.555,23.0,0.426,눈높이(정면)
curb,image43_jpg.rf.d624a0d0755c1656d2b8db29b606470b.jpg,train,0.855,50.0,0.72,고각도(내려다봄)
curb,image647_jpg.rf.e02eaafc5edd8152f8f4cc39188995b8.jpg,train,0.409,9.8,0.0,눈높이(정면)
curb,image482_jpg.rf.f2c8021a777fa7397c1842f405159dc3.jpg,train,0.218,-7.4,0.455,눈높이(정면)
curb,image311_jpg.rf.0c9643e70c6e5a71728a938b53c520a2.jpg,train,0.464,14.8,0.432,눈높이(정면)
curb,image27_jpg.rf.7e0dbea36347b9c5c8c2be6bf985d298.jpg,train,0.549,22.4,0.416,눈높이(정면)
curb,image510_jpg.rf.48f50e66411cabfa92dde9e437619236.jpg,train,0.403,9.3,0.605,고각도(내려다봄)
curb,image551_jpg.rf.9624d7230e589ba9ba0e625cec6c1655.jpg,train,0.35,4.5,0.0,눈높이(정면)
curb,image365_jpg.rf.cbb0943636fb01055e43029631ec4b2a.jpg,train,0.1,-18.0,0.272,눈높이(정면)
curb,image133_jpg.rf.9294487674e79e3645bac9d33ea9212e.jpg,train,0.495,17.6,0.418,눈높이(정면)
curb,0aa86afc0f1cd12d36bbc3f4201935a8_jpg.rf.31a41800546f604452e2e6053e41ae42.jpg,train,0.654,31.9,0.977,고각도(내려다봄)
curb,image539_jpg.rf.cf476b1b8f8b182cf7431ae041804527.jpg,train,0.1,-18.0,0.4,눈높이(정면)
curb,image101_jpg.rf.818a07da90a82832e7268f6125ad8d73.jpg,train,0.772,42.5,0.436,눈높이(정면)
curb,image155_jpg.rf.b0d8958cf26e0a684d6e95555106b34e.jpg,train,0.837,48.3,0.509,고각도(내려다봄)
curb,image266_jpg.rf.6950a9b357939fb22cd718444e5ac4d0.jpg,train,0.252,-4.4,0.54,고각도(내려다봄)
curb,image5_jpg.rf.e5d2b05ff5a20108622d352201c5c9d5.jpg,train,0.745,40.1,0.632,고각도(내려다봄)
curb,image94_jpg.rf.457920716b12d9829e503042b29869b0.jpg,train,0.777,43.0,0.399,눈높이(정면)
curb,image518_jpg.rf.403e010ebfaf49a14387783331b724c4.jpg,train,0.47,15.3,0.344,눈높이(정면)
curb,image457_jpg.rf.75bdfdb8084da9c197b955ac7f31910f.jpg,train,0.172,-11.5,0.497,눈높이(정면)
curb,image388_jpg.rf.e92fb2c9824349ef299a5b4236dee90f.jpg,train,0.147,-13.8,0.395,눈높이(정면)
curb,image161_jpg.rf.5899669f92eced52c19735c2b7db0abc.jpg,train,0.905,54.4,1.0,고각도(내려다봄)
curb,image52_jpg.rf.95ca44437a29e464164a20fd1a01698d.jpg,train,0.164,-12.3,0.597,고각도(내려다봄)
curb,image278_jpg.rf.d73801b57cb5912b1adb952186f10fff.jpg,train,0.376,6.8,0.617,고각도(내려다봄)
curb,image307_jpg.rf.5a5d6913faaf7c22f4b9c053d0fa6788.jpg,train,0.234,-5.9,0.439,눈높이(정면)
curb,1c856bdd98f34174c0d18316ed2bd897_jpg.rf.2b2c835d4caafb586f81333e6b97d7bb.jpg,train,0.704,36.4,0.872,고각도(내려다봄)
curb,image253_jpg.rf.adf7ff133aefae238c1326af5b42bbaa.jpg,train,0.108,-17.3,0.491,눈높이(정면)
curb,0ec0b4181a790844928e0d1dd145ac09_jpg.rf.155394f1734a13a749b50aaef651a266.jpg,train,0.698,35.9,0.875,고각도(내려다봄)
curb,image183_jpg.rf.ee1ed2b9a552c339a83d56eb3b2a9065.jpg,train,0.219,-7.3,0.911,고각도(내려다봄)
curb,image379_jpg.rf.edc26e598f0b0924c12ae3657ac7b914.jpg,train,0.238,-5.6,0.554,고각도(내려다봄)
curb,curb7_jpg.rf.5da308a2bf274c66546b70a23a717c3c.jpg,train,0.045,-22.9,0.123,눈높이(정면)
curb,image91_jpg.rf.67334ee8864b5bfe8ab5e4e5c39604a5.jpg,train,0.711,37.0,0.547,고각도(내려다봄)
curb,image128_jpg.rf.fa10fdc240ba3776762a4e10fa6db079.jpg,train,0.773,42.6,0.48,눈높이(정면)
curb,image42_jpg.rf.a81c873af77ed7cc6fa5e30b38f43169.jpg,train,0.719,37.7,0.377,눈높이(정면)
curb,image684_jpg.rf.ce137bb3ff538cff456770e7df959158.jpg,train,0.185,-10.3,0.536,고각도(내려다봄)
curb,image123_jpg.rf.33a53ab47791224156d5e487181b8d76.jpg,train,0.348,4.4,0.488,눈높이(정면)
curb,image161_jpg.rf.5ca253a9c8a44cb1487206d0f0bddc95.jpg,train,0.856,50.1,1.0,고각도(내려다봄)
curb,image148_jpg.rf.0b4ea309f45011e58965724e836e6f78.jpg,train,0.199,-9.1,0.578,고각도(내려다봄)
curb,image700_jpg.rf.6a4bfb1d5c1768068dcdba9a9b3f251f.jpg,train,0.624,29.2,0.538,고각도(내려다봄)
curb,image600_jpg.rf.74b5a793d14699f7daad35fdc4121468.jpg,train,0.309,0.8,0.585,고각도(내려다봄)
curb,0ef8ed122712c125c75e0d7bb821c4f8_jpg.rf.5a6920d36e6fb44e29b7b13a3373ef26.jpg,train,0.721,37.9,0.823,고각도(내려다봄)
curb,image203_jpg.rf.87278de585ab94c7c05f523e285aa86e.jpg,train,0.414,10.3,0.436,눈높이(정면)
curb,image463_jpg.rf.b08e022196bbfa9ad593a04328529ba1.jpg,train,0.495,17.6,0.284,눈높이(정면)
curb,image414_jpg.rf.a11caafcf226b409f2e1ec50a77c82b3.jpg,train,0.344,3.9,0.621,고각도(내려다봄)
curb,image171_jpg.rf.5b118226e4e9e31bf5eec546e939006d.jpg,train,0.392,8.3,0.553,고각도(내려다봄)
curb,image287_jpg.rf.065efddf90012b73f3b614c033f0034f.jpg,train,0.599,26.9,0.222,눈높이(정면)
curb,image290_jpg.rf.5b92e04ad101f08409a1ebd00c47906d.jpg,train,0.068,-20.9,0.63,고각도(내려다봄)
curb,image221_jpg.rf.e25f4bd3c38d590e192630b5bca32266.jpg,train,0.14,-14.4,0.419,눈높이(정면)
curb,image483_jpg.rf.38b1f0aa7fbb93ecbc8e4e0ed509987b.jpg,train,0.559,23.3,0.427,눈높이(정면)
curb,image507_jpg.rf.428a80f186f77d681bdb0930b106278f.jpg,train,0.625,29.2,0.623,고각도(내려다봄)
curb,image157_jpg.rf.fc8b549ae75c23bdd4c3ecf6a1569774.jpg,train,0.452,13.6,1.0,고각도(내려다봄)
curb,image200_jpg.rf.612f94f0038829239243b4c4549645d3.jpg,train,0.619,28.7,0.698,고각도(내려다봄)
curb,image629_jpg.rf.b783177ed6ea07e423c2121981e61872.jpg,train,0.768,42.2,0.401,눈높이(정면)
curb,image74_jpg.rf.65930be5dd0cefd8857626a0bf8ee2f7.jpg,train,0.835,48.1,0.601,고각도(내려다봄)
curb,image505_jpg.rf.513a378358cfd9ee08814a21974fac28.jpg,train,0.496,17.6,0.568,고각도(내려다봄)
curb,image694_jpg.rf.e0ff46df438c6d399af1243c33875887.jpg,train,0.729,38.6,0.602,고각도(내려다봄)
curb,image27_jpg.rf.3d2843bf7bf1f214328ffefca296ebff.jpg,train,0.604,27.4,0.24,눈높이(정면)
curb,image64_jpg.rf.b6a5e6d2811d9b20de3906ef74abe1a4.jpg,train,0.712,37.1,0.47,눈높이(정면)
curb,curb11_jpg.rf.4d3dfd3818e10f2359a87357db33c884.jpg,train,0.1,-18.0,0.361,눈높이(정면)
curb,image511_jpg.rf.752c1364c3605a9cbbc1c82d44e62b42.jpg,train,0.581,25.3,0.309,눈높이(정면)
curb,image128_jpg.rf.59d738e6948f2ac5da07763ec00c0752.jpg,train,0.486,16.7,0.49,눈높이(정면)
curb,image149_jpg.rf.cd6ff748483cf29000b45b46c5586956.jpg,train,0.673,33.5,0.365,눈높이(정면)
curb,image13_jpg.rf.9744a4b4738b675c27dacdd32726214a.jpg,train,0.797,44.7,0.634,고각도(내려다봄)
curb,image175_jpg.rf.235f2f54ffce794ac9013c07e4d78688.jpg,train,0.232,-6.1,0.463,눈높이(정면)
curb,image644_jpg.rf.c5bd53225313baa1aae8c12f3f179b3d.jpg,train,0.371,6.4,0.555,고각도(내려다봄)
curb,image440_jpg.rf.48e4d3536164d4638e33e2e014822fb4.jpg,train,0.138,-14.6,0.382,눈높이(정면)
curb,image56_jpg.rf.fd67e26c32274f6820591aa2393fd98c.jpg,train,0.608,27.7,0.681,고각도(내려다봄)
curb,image77_jpg.rf.5940563487476ee5c962e5ecefc3aa18.jpg,train,0.705,36.5,0.474,눈높이(정면)
curb,image44_jpg.rf.71b97bbccb87c2d6a3cdeb99a0dc433a.jpg,train,0.213,-7.8,0.491,눈높이(정면)
curb,image168_jpg.rf.089df5d8de54a64339d625443cf77dcf.jpg,train,0.477,16.0,0.443,눈높이(정면)
curb,image43_jpg.rf.c117bde9cead9ee8a3e95c2387641ab2.jpg,train,0.721,37.9,0.497,눈높이(정면)
curb,image35_jpg.rf.300cab19769a45e543315f5d4d25cced.jpg,train,0.18,-10.8,0.708,고각도(내려다봄)
curb,image240_jpg.rf.cee0deed97548825f9819560544cf880.jpg,train,0.653,31.8,0.371,눈높이(정면)
curb,image237_jpg.rf.991372b160967fa1da8d946a8e633ba1.jpg,train,0.234,-5.9,0.506,고각도(내려다봄)
curb,image432_jpg.rf.5609ff1b69aee209204d8f17e76377dd.jpg,train,0.233,-6.0,0.604,고각도(내려다봄)
curb,image566_jpg.rf.ed565eef9d88afb29d3249d406c3fc97.jpg,train,0.321,1.9,0.266,눈높이(정면)
curb,image106_jpg.rf.4ca479241b2f36b8692bf40b1ebfd4ec.jpg,train,0.157,-12.9,0.408,눈높이(정면)
curb,image64_jpg.rf.02def422b6da3702929303f7ee7b4d0a.jpg,train,0.871,51.4,0.467,눈높이(정면)
curb,image432_jpg.rf.1abce2d7566bdb81fcbb9f24756e2b91.jpg,train,0.164,-12.2,0.608,고각도(내려다봄)
curb,image194_jpg.rf.89b0731b490a438b7ad53d1117367956.jpg,train,0.271,-2.6,0.644,고각도(내려다봄)
curb,image199_jpg.rf.eebd353968288c6d8d667a451fdec5e0.jpg,train,0.158,-12.8,0.286,눈높이(정면)
curb,image425_jpg.rf.9c9707ae59e95a78247a99750322b1bd.jpg,train,0.269,-2.8,0.353,눈높이(정면)
curb,image300_jpg.rf.2c317fae6ff0fa639058ceaf1fef85ce.jpg,train,0.183,-10.5,0.116,눈높이(정면)
curb,image522_jpg.rf.169c34954f7ea80f60b55eba64121554.jpg,train,0.422,11.0,0.418,눈높이(정면)
curb,image555_jpg.rf.d6aad54b952b1d98ae5dc0f9efffcd04.jpg,train,0.45,13.5,0.385,눈높이(정면)
curb,image60_jpg.rf.6129e4cd7df29430e143b45a4a8b1814.jpg,train,0.736,39.2,0.598,고각도(내려다봄)
curb,image157_jpg.rf.803c8496fed1c3e6f9b11c2de1cc8808.jpg,train,0.312,1.1,1.0,고각도(내려다봄)
curb,13e5181e414f59e2defbbe69d3715e0_jpg.rf.13c13d41c533df094c74d55be923445c.jpg,train,0.339,3.5,0.617,고각도(내려다봄)
curb,image410_jpg.rf.4c0dd132eb0f2f2163439e689d02a8c4.jpg,train,0.673,33.6,0.5,고각도(내려다봄)
curb,image484_jpg.rf.4d03be97d1632377d301a85f0a8b6f1f.jpg,train,0.569,24.2,0.581,고각도(내려다봄)
curb,image123_jpg.rf.c6c2fbfbc8ae9bd655e0356d3014fc89.jpg,train,0.29,-0.9,0.466,눈높이(정면)
curb,image400_jpg.rf.a360e542c4b5a9cd64a9fcc539e97347.jpg,train,0.21,-8.1,0.416,눈높이(정면)
curb,image433_jpg.rf.f7fdef3c238b46ccd6cad22866dd4d4a.jpg,train,0.627,29.4,0.583,고각도(내려다봄)
curb,0a91a12fa5debbc1a7fd353ce0cceb20_jpg.rf.fcc1e6b8bd8b6b8e11661d779790d7e3.jpg,train,0.475,15.8,0.776,고각도(내려다봄)
curb,image165_jpg.rf.27de818eb38f3aa777427706e34e18c4.jpg,train,0.534,21.1,0.827,고각도(내려다봄)
curb,image400_jpg.rf.bb5894599369cf1bb10cb9becb2c7ad3.jpg,train,0.169,-11.8,0.408,눈높이(정면)
curb,curb14_jpg.rf.b31d2aa173c40585ea9187de9af1ed21.jpg,train,0.266,-3.0,0.438,눈높이(정면)
curb,image41_jpg.rf.1a9d51829588c21975e1d8b44304935d.jpg,train,0.47,15.3,0.422,눈높이(정면)
curb,image221_jpg.rf.aeb044b99f6550e8e597b224dbbfad94.jpg,train,0.189,-10.0,0.411,눈높이(정면)
curb,image518_jpg.rf.a6336643eb0fc21cb0a35f00dd64b6b4.jpg,train,0.468,15.1,0.341,눈높이(정면)
curb,b090e7b94f80676aca58e5a9962c786_jpg.rf.5d01bc4a3a6e1021920d6cae3df1f6f5.jpg,train,0.401,9.1,0.668,고각도(내려다봄)
curb,image31_jpg.rf.4affc1d4395d52d82ec0a70c3414fe92.jpg,train,0.648,31.3,0.578,고각도(내려다봄)
curb,image73_jpg.rf.d8d967a0d603a742da4e3dece5ba787a.jpg,train,0.479,16.1,0.0,눈높이(정면)
curb,image203_jpg.rf.57d1d333c3de24aef742f8cdc20ddbf5.jpg,train,0.688,34.9,0.504,고각도(내려다봄)
curb,0a63abf3dd241f30cc590d306d9f2637_jpg.rf.9bee47f404b93e98b159970de3dd609e.jpg,train,0.695,35.6,0.891,고각도(내려다봄)
curb,image85_jpg.rf.6143d3d324918a4ae8b42b383cd01593.jpg,train,0.172,-11.5,0.425,눈높이(정면)
curb,image492_jpg.rf.a20dacf81ac0845c7f3da76b050e2ad8.jpg,train,0.53,20.7,0.375,눈높이(정면)
curb,image393_jpg.rf.58a2673d34029244b39c22ae0cbb10b7.jpg,train,0.419,10.7,0.333,눈높이(정면)
curb,image531_jpg.rf.c7d4003f09d2db8063e175cd7a2cf322.jpg,train,0.516,19.4,0.2,눈높이(정면)
curb,image484_jpg.rf.43ab7c4adfa25a4116aa11710b6a00ee.jpg,train,0.331,2.8,0.572,고각도(내려다봄)
curb,image521_jpg.rf.43972084d18b168209a430a22da96433.jpg,train,0.52,19.8,0.0,눈높이(정면)
curb,image37_jpg.rf.c2dd759ff000a4ce7c0ad77a633f8c31.jpg,train,0.692,35.3,0.446,눈높이(정면)
curb,image97_jpg.rf.4f538c4ab1017388fd8839ef46fbcedf.jpg,train,0.729,38.6,0.505,고각도(내려다봄)
curb,image241_jpg.rf.739be84a9750549ac8c5924621884725.jpg,train,0.823,47.1,0.269,눈높이(정면)
curb,bb6ad167cfc93430f127bf650d8ffb3_jpg.rf.1187c577467721920fa460a9748716be.jpg,train,0.255,-4.0,0.629,고각도(내려다봄)
curb,image66_jpg.rf.230c40e02ef655666c1bd00fe5a16d7d.jpg,train,0.291,-0.8,0.436,눈높이(정면)
curb,image88_jpg.rf.d9d0aad6b8010624af6ff841afa39a92.jpg,train,0.022,-25.0,0.64,고각도(내려다봄)
curb,curb20_jpg.rf.03fd7bbea1d02692d3196a75486829d7.jpg,train,0.182,-10.6,0.333,눈높이(정면)
curb,image223_jpg.rf.a0138b44afb1b56e65f2f1400edee3c4.jpg,train,0.445,13.0,0.539,고각도(내려다봄)
curb,image242_jpg.rf.44bc2da404f8fe0272a40a9ef47c2a8b.jpg,train,0.265,-3.2,0.361,눈높이(정면)
curb,image136_jpg.rf.153b85af4a4b888ef1b973ea7ce514f4.jpg,train,0.7,36.0,0.418,눈높이(정면)
curb,image480_jpg.rf.9d81ecdd9a830dd8dd1db9334f7026a2.jpg,train,0.492,17.3,0.45,눈높이(정면)
curb,image71_jpg.rf.d3e75de7e0f0ec39192bae34bc5f9075.jpg,train,0.392,8.3,0.038,눈높이(정면)
curb,image564_jpg.rf.507138009eb03a6baf68c0625fee60f0.jpg,train,0.095,-18.5,0.362,눈높이(정면)
curb,image107_jpg.rf.c30337f9d6633520aae9b3b185fb5f2a.jpg,train,0.176,-11.2,0.589,고각도(내려다봄)
curb,image17_jpg.rf.1b9cfaa9114b76c6c41a56021d8ea866.jpg,train,0.558,23.2,0.085,눈높이(정면)
curb,image677_jpg.rf.3b5e939c5b233b4262f912453910f60a.jpg,train,0.845,49.1,0.716,고각도(내려다봄)
curb,d5af76b2b5c3f536ddc42602e180ac1_jpg.rf.e4aaf99a863e479c3a10df2595601faf.jpg,train,0.338,3.4,0.562,고각도(내려다봄)
curb,1cd9c080bbf38da56e925ba43e52b9c4_jpg.rf.49a46c826154ddfb91fdc3cea4190aee.jpg,train,0.577,24.9,0.839,고각도(내려다봄)
curb,image3_jpg.rf.a836fc42e65771b4f589835b01de55f8.jpg,train,0.769,42.2,0.444,눈높이(정면)
curb,image371_jpg.rf.f22f72d8d86083546d8ee978c056dc85.jpg,train,0.217,-7.5,0.0,눈높이(정면)
curb,image520_jpg.rf.4fbf9d825480c1106e7a22be177340c0.jpg,train,0.154,-13.2,0.321,눈높이(정면)
curb,image227_jpg.rf.f679f16121780a240cc347fa9b44653a.jpg,train,0.282,-1.6,0.599,고각도(내려다봄)
curb,image78_jpg.rf.9638dc83f50fa36b2c6db82d517d08f1.jpg,train,0.595,26.6,0.63,고각도(내려다봄)
curb,image69_jpg.rf.76462a819094124842e0b5fb9719f8d0.jpg,train,0.586,25.7,0.59,고각도(내려다봄)
curb,image33_jpg.rf.476e5014c376ffeccf32e311a190a090.jpg,train,0.148,-13.7,0.389,눈높이(정면)
curb,image307_jpg.rf.1623d30d7695c0b07e471ef6b8b09b8e.jpg,train,0.13,-15.3,0.442,눈높이(정면)
curb,image278_jpg.rf.71c36c2de7f028b79febf4efe5ee892c.jpg,train,0.462,14.6,0.59,고각도(내려다봄)
curb,image122_jpg.rf.77bad636530bd0dff2007eabd486769c.jpg,train,0.502,18.2,0.52,고각도(내려다봄)
curb,image256_jpg.rf.68edb881a5e17584c69e5fbf4259189e.jpg,train,0.641,30.7,0.518,고각도(내려다봄)
curb,image689_jpg.rf.d76287b12b08d481fa7ee41f240f0556.jpg,train,0.431,11.8,0.399,눈높이(정면)
curb,image5_jpg.rf.a07ce4246ed486c9d496b8c552f07c85.jpg,train,0.792,44.3,0.561,고각도(내려다봄)
curb,0a24a485d5310e6dfd3a67b093f1884f_jpg.rf.7c2ea82e16cb46d3362ae90f5531bdc4.jpg,train,0.656,32.1,0.882,고각도(내려다봄)
curb,image295_jpg.rf.7bbb8b0dbed2c5aca7d1a23eb575de57.jpg,train,0.053,-22.2,0.421,눈높이(정면)
curb,image21_jpg.rf.74e878b417cd7d9bdb8a73bba5bbbb0b.jpg,train,0.755,41.0,1.0,고각도(내려다봄)
curb,curb2_jpg.rf.e5996b4f5c1716ec55aadf7ea3f09f0f.jpg,train,0.271,-2.6,0.389,눈높이(정면)
curb,image437_jpg.rf.b4a94cff897dc7c4ad0d074246db22e5.jpg,train,0.408,9.7,1.0,고각도(내려다봄)
curb,image167_jpg.rf.59fb67590aabdcebe5a86613250c8d88.jpg,train,0.367,6.0,0.461,눈높이(정면)
curb,image13_jpg.rf.00fd1c100ab037451d451256b44d795a.jpg,train,0.112,-16.9,0.555,고각도(내려다봄)
curb,1c7b656dd3043e16c21d8aee2872e0b1_jpg.rf.3db7fce071a4d1d092d3684c17f713f4.jpg,train,0.6,27.0,0.865,고각도(내려다봄)
curb,image709_jpg.rf.0c87066ea1d7dc8d8fb33c53aabd8c8d.jpg,train,0.844,48.9,0.522,고각도(내려다봄)
curb,f1178a9e74486c0528666b8529abd3e_jpg.rf.f23f9b8ca8221c8acc2be697c610a68d.jpg,train,0.391,8.2,0.573,고각도(내려다봄)
curb,image38_jpg.rf.dc0289c10c58ac3c2a59adedc9d3e141.jpg,train,0.167,-12.0,0.739,고각도(내려다봄)
curb,image270_jpg.rf.8b9b9be08d2ed68499a898ce4ac3b2b7.jpg,train,0.209,-8.2,0.463,눈높이(정면)
curb,image223_jpg.rf.7441837a78dbeb33c273b9c901780349.jpg,train,0.579,25.1,0.538,고각도(내려다봄)
curb,image281_jpg.rf.cd5bca778928a65ca4debcc7a3ec24cf.jpg,train,0.255,-4.1,0.648,고각도(내려다봄)
curb,image288_jpg.rf.23a81e4ea4be950a0421b8fd3f149531.jpg,train,0.27,-2.7,0.484,눈높이(정면)
curb,curb3_jpeg_jpg.rf.01c20e2a628457362154936def2a7fe4.jpg,train,0.532,20.8,0.588,고각도(내려다봄)
curb,image16_jpg.rf.f5e885a0f5c063cca71a896ad6c40485.jpg,train,0.416,10.4,0.621,고각도(내려다봄)
curb,e0d104a233d2ab6efcadf3fb2a3e370_jpg.rf.7c75f0feb900b557ca4c3b8c6f11a4fd.jpg,train,0.701,36.1,0.602,고각도(내려다봄)
curb,image442_jpg.rf.26dc50c5e50975b5c3e6b56e50358775.jpg,train,0.35,4.5,0.56,고각도(내려다봄)
curb,image87_jpg.rf.40f98c8c92a00bfd29e7c01cf7eb80d1.jpg,train,0.235,-5.9,0.386,눈높이(정면)
curb,image550_jpg.rf.f3658ad6a6875024e2999eb01fd3a2cf.jpg,train,0.356,5.1,0.483,눈높이(정면)
curb,image604_jpg.rf.ef28bdaed9f500c56936a48fad1e7989.jpg,train,0.291,-0.8,0.0,눈높이(정면)
curb,image407_jpg.rf.4f7ad47aaeac7d91d3106dfa57ba2b15.jpg,train,0.616,28.4,0.514,고각도(내려다봄)
curb,image263_jpg.rf.16c4b6ce4e3dd66b5b11a432ff4050e3.jpg,train,0.362,5.6,0.665,고각도(내려다봄)
curb,image15_jpg.rf.bf9389c9bcdece043121ae0d2e97301c.jpg,train,0.145,-13.9,1.0,고각도(내려다봄)
curb,image441_jpg.rf.26185d4d1e3fba519b6b31391178ef47.jpg,train,0.105,-17.6,0.238,눈높이(정면)
curb,image133_jpg.rf.4de4fce14bc34ec38946cd0791af4a25.jpg,train,0.472,15.5,0.418,눈높이(정면)
curb,image303_jpg.rf.d1efa1afcd3609d4e74314b48b24ca3d.jpg,train,0.767,42.0,1.0,고각도(내려다봄)
curb,image550_jpg.rf.30505fd36e89d2c5615aebdea9f8bf98.jpg,train,0.398,8.8,0.45,눈높이(정면)
curb,image99_jpg.rf.3786a62bc4f4a0b930cb9c8e6500b8e8.jpg,train,0.176,-11.2,0.576,고각도(내려다봄)
curb,image521_jpg.rf.56398b6582adbade338e672945f38d69.jpg,train,0.593,26.4,0.437,눈높이(정면)
curb,image234_jpg.rf.2ce29ce11724fd2689b7f7dea43e1f7a.jpg,train,0.459,14.3,0.44,눈높이(정면)
curb,image256_jpg.rf.f6fc2a9c027339f31afc8a14fe3ce1ef.jpg,train,0.748,40.3,0.515,고각도(내려다봄)
curb,image28_jpg.rf.4a41cee1c1285c7dc6f644906b4f15d5.jpg,train,0.655,32.0,0.5,고각도(내려다봄)
curb,image661_jpg.rf.5162a17f18a10d9964e2461e62e017c1.jpg,train,0.642,30.8,0.573,고각도(내려다봄)
curb,image19_jpg.rf.6cdcb561ff59e5e0f0211284f9923efd.jpg,train,0.747,40.3,0.254,눈높이(정면)
curb,65eaad5a990a0dacebdb6fdca02ba9a_jpg.rf.444a76db9caabb9dc7486a43f76311dd.jpg,train,0.646,31.1,0.471,눈높이(정면)
curb,image18_jpg.rf.70ec9ef63b8848bb4f2a9839ce24de35.jpg,train,0.521,19.9,0.397,눈높이(정면)
curb,image77_jpg.rf.12968ef472f242bca1504005e80c6cc9.jpg,train,0.708,36.7,0.245,눈높이(정면)
curb,image16_jpg.rf.b7935e9e1c746c1f5f81d03f2d97e214.jpg,train,0.2,-9.0,0.49,눈높이(정면)
curb,image38_jpg.rf.2115d21a66f088e07f9621724b405c57.jpg,train,0.159,-12.7,0.727,고각도(내려다봄)
curb,image401_jpg.rf.363e19302e137f196fe2ac4068b1b307.jpg,train,0.689,35.0,0.333,눈높이(정면)
curb,image47_jpg.rf.c47f2d4de6c43cd4dd7ca205eb0f4da7.jpg,train,0.839,48.5,0.503,고각도(내려다봄)
curb,image150_jpg.rf.8ae25a5e4030f2b46cacbfb7c3eed6d8.jpg,train,0.45,13.5,0.449,눈높이(정면)
curb,image145_jpg.rf.93e37cbaf9e24191d3661bbc14a273ee.jpg,train,0.148,-13.7,0.995,고각도(내려다봄)
curb,image37_jpg.rf.892d02d879da192663397d0c184172fe.jpg,train,0.741,39.7,0.448,눈높이(정면)
curb,image495_jpg.rf.1aaf934d7c34c87357b1074ff996a6b0.jpg,train,0.654,31.9,0.0,눈높이(정면)
curb,image486_jpg.rf.eee04280112963ecb1db2629d3ab5f82.jpg,train,0.43,11.7,0.339,눈높이(정면)
curb,image360_jpg.rf.202bc37db21c9071231f6b968391bde8.jpg,train,0.75,40.5,0.562,고각도(내려다봄)
curb,image352_jpg.rf.314b027b7f0e7c7c01b748252ec183ab.jpg,train,0.418,10.6,0.444,눈높이(정면)
curb,image270_jpg.rf.65cab916f939a3341e7ff4387d68039c.jpg,train,0.232,-6.1,0.474,눈높이(정면)
curb,image175_jpg.rf.66db411a1146d2a7d319735a43fff3b8.jpg,train,0.619,28.7,0.461,눈높이(정면)
curb,image607_jpg.rf.5c574114cb556acd55bb8a6fab0bd3d1.jpg,train,0.798,44.8,0.0,눈높이(정면)
curb,image314_jpg.rf.ab50d7b0ef6f35bfacc6ea033e2ea90e.jpg,train,0.389,8.0,0.584,고각도(내려다봄)
curb,image671_jpg.rf.984bb963ede31df85a3fc0ec08e73cf2.jpg,train,0.742,39.8,0.539,고각도(내려다봄)
curb,image76_jpg.rf.88005a2fee56421c5089e29232d61197.jpg,train,0.279,-1.9,0.148,눈높이(정면)
curb,image3_jpg.rf.c7c874a9430cc94ebb6dd7bd37a942dc.jpg,train,0.395,8.5,0.409,눈높이(정면)
curb,curb2_jpg.rf.9ded7de0f78c00255de6f24a0069a5d2.jpg,train,0.173,-11.4,0.418,눈높이(정면)
curb,image511_jpg.rf.8970fa79997cae41687775cea45b9930.jpg,train,0.563,23.7,0.429,눈높이(정면)
curb,image98_jpg.rf.3ce61000a373503829374f7ea1b95384.jpg,train,0.802,45.2,0.424,눈높이(정면)
curb,image238_jpg.rf.5de1121a62a6b9e31912063e6b2914fc.jpg,train,0.641,30.7,0.248,눈높이(정면)
curb,image177_jpg.rf.ef465bf74c71874126a297c17783f36e.jpg,train,0.152,-13.3,0.518,고각도(내려다봄)
curb,image308_jpg.rf.78026dc6d1d9d1df2c09796b6f719d39.jpg,train,0.756,41.1,0.5,고각도(내려다봄)
curb,bb6ad167cfc93430f127bf650d8ffb3_jpg.rf.431580e71f3417c5aef0ab0c14231d34.jpg,train,0.2,-9.0,0.579,고각도(내려다봄)
curb,curb20_jpg.rf.bef6aa041e3517778ae07a7360959d01.jpg,train,0.766,42.0,0.334,눈높이(정면)
curb,image81_jpg.rf.3ae9e3db086d11c545ef3507b594d803.jpg,train,0.293,-0.7,0.476,눈높이(정면)
curb,image700_jpg.rf.72f1b8a8b7d260a51a92b895e227e766.jpg,train,0.8,45.0,0.538,고각도(내려다봄)
curb,image90_jpg.rf.77caf433def0b5faa6ce3acf78c24ec2.jpg,train,0.22,-7.2,0.519,고각도(내려다봄)
curb,image132_jpg.rf.f2d1e6c4bf89098d9155652a50023fe7.jpg,train,0.552,22.6,0.493,눈높이(정면)
curb,image53_jpg.rf.ff4f45f93a37c042991d9a5139ea3c7f.jpg,train,0.735,39.1,0.505,고각도(내려다봄)
curb,image160_jpg.rf.71826aafb79708bdc0250ee4518db317.jpg,train,0.339,3.5,0.621,고각도(내려다봄)
curb,image23_jpg.rf.9665db8ce1179c7a59934d4080389eee.jpg,train,0.145,-14.0,0.553,고각도(내려다봄)
curb,image639_jpg.rf.870a4ca7fc440912b0a4ab50c2ffb568.jpg,train,0.577,24.9,0.599,고각도(내려다봄)
curb,image16_jpg.rf.decba0d0abb55a43ca1c1a2016bcf93e.jpg,train,0.682,34.4,0.651,고각도(내려다봄)
curb,image548_jpg.rf.bd8bc00a16a8f60524a1d5c20fdb86c9.jpg,train,0.715,37.4,0.448,눈높이(정면)
curb,image520_jpg.rf.529947ef8d6695b2f9e73b8b18eb16d1.jpg,train,0.284,-1.4,0.321,눈높이(정면)
curb,image341_jpg.rf.d4fb0adf8e51a783f7a85ad8baf0f952.jpg,train,0.293,-0.7,0.529,고각도(내려다봄)
curb,image383_jpg.rf.02e98ce711e20a8339d0a0483840c3fa.jpg,train,0.74,39.6,0.957,고각도(내려다봄)
curb,image376_jpg.rf.8e321fe5f7b33379b8ad556c524341a8.jpg,train,0.336,3.3,0.613,고각도(내려다봄)
curb,image5_jpg.rf.fc5aa92b905396ed1f0ce04e9c2d8f5c.jpg,train,0.648,31.4,0.574,고각도(내려다봄)
curb,image651_jpg.rf.c8982ccecfe49d57b3c89c6536112812.jpg,train,0.724,38.2,0.534,고각도(내려다봄)
curb,image692_jpg.rf.76e3fe34265dbdc86f688b523f6df036.jpg,train,0.502,18.1,0.483,눈높이(정면)
curb,image477_jpg.rf.35d1a444380106bd0226d142a79b5721.jpg,train,0.198,-9.2,0.346,눈높이(정면)
curb,image242_jpg.rf.7c6983e407a5ae0919f29db62f8c595b.jpg,train,0.254,-4.1,0.361,눈높이(정면)
curb,curb21_jpeg_jpg.rf.85002133ff7ebdf91773ac21fe31d393.jpg,train,0.098,-18.2,0.567,고각도(내려다봄)
curb,image686_jpg.rf.602a0536216063d31a26333a4ba7a108.jpg,train,0.402,9.1,0.523,고각도(내려다봄)
curb,curb12_jpg.rf.530de744575a101d9949d5123a668730.jpg,train,0.292,-0.7,0.543,고각도(내려다봄)
curb,curb19_jpeg_jpg.rf.fbc1dc154128929abd3ff9dd74285061.jpg,train,0.875,51.7,0.435,눈높이(정면)
curb,image686_jpg.rf.fe142a89e0479a816a95b790d9144950.jpg,train,0.759,41.3,0.523,고각도(내려다봄)
curb,image243_jpg.rf.04c4116154e5e79407377b7d8460de62.jpg,train,0.673,33.6,0.516,고각도(내려다봄)
curb,image425_jpg.rf.ab5a8fa01cc8bb57583ca5eca34a6689.jpg,train,0.362,5.6,0.304,눈높이(정면)
curb,image564_jpg.rf.9c94f2b6150e1d0dce6868a0489bdaa7.jpg,train,0.192,-9.7,0.368,눈높이(정면)
curb,image384_jpg.rf.c912fc31223ede2f2ebf26aa0d21b495.jpg,train,0.88,52.2,0.015,눈높이(정면)
curb,image490_jpg.rf.28a008fa197c77e6e22bb3fb80458c61.jpg,train,0.605,27.5,0.363,눈높이(정면)
curb,image281_jpg.rf.708e4090a4e275e22a4c184b8f968c4f.jpg,train,0.35,4.5,0.65,고각도(내려다봄)
curb,0edc847ff5ecf7bf69970a9acf48e9bc_jpg.rf.d20ae4b7ecb25bfe64041424dfd3dca7.jpg,train,0.75,40.5,0.986,고각도(내려다봄)
curb,image4_jpg.rf.4d3d520f2f1dd99c282d51e40885844c.jpg,train,0.68,34.2,0.286,눈높이(정면)
curb,image366_jpg.rf.9f0a71a2cf604c37af307f020e23d6a7.jpg,train,0.573,24.6,0.571,고각도(내려다봄)
curb,image49_jpg.rf.89dc333b48120b7d89a37480c07df9d6.jpg,train,0.283,-1.5,0.346,눈높이(정면)
curb,image29_jpg.rf.5c1bf44b64f13856376d42505a67bd22.jpg,train,0.798,44.9,0.36,눈높이(정면)
curb,image257_jpg.rf.4b1af5b5890e6b5087f51622cd0a41ff.jpg,train,0.334,3.0,0.572,고각도(내려다봄)
curb,image604_jpg.rf.ede5519f8e549a7763576ccdd8c21813.jpg,train,0.429,11.6,0.004,눈높이(정면)
curb,image362_jpg.rf.13793c6ff01488b711eab4c08fb87d7f.jpg,train,0.416,10.5,1.0,고각도(내려다봄)
curb,image625_jpg.rf.79d8ff66e99a049ccb71093994bfcf51.jpg,train,0.519,19.7,0.381,눈높이(정면)
curb,image575_jpg.rf.c1433d17e1a5cf3b6ced2d4ea97168d9.jpg,train,0.306,0.6,0.491,눈높이(정면)
curb,image43_jpg.rf.9eb598765459de63c4f7ddee88646e18.jpg,train,0.802,45.2,0.484,눈높이(정면)
curb,curb13_jpeg_jpg.rf.09d747611905e000e69aac74de7b82f7.jpg,train,0.17,-11.7,0.519,고각도(내려다봄)
curb,image344_jpg.rf.c745b2ff848fb910a8034b2a817fafac.jpg,train,0.204,-8.6,0.415,눈높이(정면)
curb,image639_jpg.rf.2b81c32d399961a7ca904e15c2f4ae7c.jpg,train,0.595,26.5,0.603,고각도(내려다봄)
curb,image169_jpg.rf.c29eaa71b9d3e9be100a913187ca1182.jpg,train,0.578,25.0,0.49,눈높이(정면)
curb,image138_jpg.rf.0b80143db2f845c9c52f367ca36ef40f.jpg,train,0.721,37.9,0.316,눈높이(정면)
curb,image549_jpg.rf.700bab36fb26e3b9dde10ea345c223a2.jpg,train,0.859,50.3,0.0,눈높이(정면)
curb,image348_jpg.rf.969911997656a5b1d65947096de8c2e3.jpg,train,0.241,-5.3,0.035,눈높이(정면)
curb,image705_jpg.rf.03e78392e83f038a77a2049a343e0755.jpg,train,0.116,-16.5,0.301,눈높이(정면)
curb,image20_jpg.rf.13493ba7abd6ae8dc6a96445b0b36a63.jpg,train,0.62,28.8,0.384,눈높이(정면)
curb,image349_jpg.rf.5d788033d905a448c333ddccb0f8bfc3.jpg,train,0.24,-5.4,0.489,눈높이(정면)
curb,image431_jpg.rf.20dcb8b872aabdc4f9857ae9fc24c29b.jpg,train,0.145,-13.9,0.341,눈높이(정면)
curb,image61_jpg.rf.8174be2d6b66ab32eca008908b2d8f4d.jpg,train,0.169,-11.8,0.81,고각도(내려다봄)
curb,image476_jpg.rf.e742b3f36d564e4014312b431c82ec38.jpg,train,0.312,1.1,0.427,눈높이(정면)
curb,image49_jpg.rf.fb70b4da4299296923626afb2a455c20.jpg,train,0.07,-20.7,1.0,고각도(내려다봄)
curb,image550_jpg.rf.af7a099f6b6f77dabd1b5cf790cebba0.jpg,train,0.716,37.4,0.486,눈높이(정면)
curb,image21_jpg.rf.09166f891060e8480161a7605f98e748.jpg,train,0.434,12.1,0.0,눈높이(정면)
curb,image355_jpg.rf.d32de46f4c0e08b3e54482ba18c514c4.jpg,train,0.618,28.6,0.517,고각도(내려다봄)
curb,image11_jpg.rf.3a1502918b693ca2111c2fef1469dd2a.jpg,train,0.831,47.8,0.548,고각도(내려다봄)
curb,image16_jpg.rf.562557861c873ee591ac5b8b60c0cdcf.jpg,train,0.084,-19.5,0.48,눈높이(정면)
curb,image83_jpg.rf.1db5f0e25a468c3f0df3f60aa16a9f50.jpg,train,0.284,-1.4,0.897,고각도(내려다봄)
curb,image80_jpg.rf.606a5f4b5d159a0eee88f05455b8e817.jpg,train,0.829,47.6,0.317,눈높이(정면)
curb,image692_jpg.rf.59e4e4acf7794573722a5063f53643a0.jpg,train,0.645,31.0,0.482,눈높이(정면)
curb,image176_jpg.rf.b31f345423d02506b5980fc0c776a075.jpg,train,0.109,-17.2,1.0,고각도(내려다봄)
curb,image645_jpg.rf.8e94a130c1b2a2ce1ed97ead7f63a754.jpg,train,0.86,50.4,0.357,눈높이(정면)
curb,image488_jpg.rf.5540d2f69f096cfbc5679a4fbcf62043.jpg,train,0.205,-8.6,1.0,고각도(내려다봄)
curb,image306_jpg.rf.d555862d450974d5a3821f7f8465c17a.jpg,train,0.882,52.3,0.519,고각도(내려다봄)
curb,image492_jpg.rf.cefe1f4f5f59db6115d77e730fc15edf.jpg,train,0.466,14.9,0.38,눈높이(정면)
curb,image545_jpg.rf.51c00f438a5e00318c230cca6b41b4ca.jpg,train,0.613,28.2,0.38,눈높이(정면)
curb,image292_jpg.rf.5fab723a8c66f4b527bee4464dd402ad.jpg,train,0.764,41.8,0.375,눈높이(정면)
curb,image239_jpg.rf.b7f85098b386f45329ffc5331540eb34.jpg,train,0.55,22.5,0.311,눈높이(정면)
curb,image438_jpg.rf.40ac91aadcf7bcf4b1a85958f5f6eaaf.jpg,train,0.327,2.5,0.636,고각도(내려다봄)
curb,image377_jpg.rf.a97b95b1ee12614fd9607b00c45a7bc3.jpg,train,0.506,18.6,0.619,고각도(내려다봄)
curb,image490_jpg.rf.d933d36d8af4257655c605843e80d32e.jpg,train,0.594,26.4,0.359,눈높이(정면)
curb,image110_jpg.rf.34b511964a80ea22bbad715d6c4af26a.jpg,train,0.891,53.2,0.704,고각도(내려다봄)
curb,image350_jpg.rf.79a688bf512637f7efa110078c9cf178.jpg,train,0.512,19.1,0.584,고각도(내려다봄)
curb,image312_jpg.rf.843b2a6566dcdf14e375bace1d20354d.jpg,train,0.529,20.6,0.555,고각도(내려다봄)
curb,image23_jpg.rf.3e648fea08b743d986d9c20ebb256781.jpg,train,0.5,18.0,0.592,고각도(내려다봄)
curb,image231_jpg.rf.7ad34dded567b8d019a044a6ef0bdf8d.jpg,train,0.047,-22.8,0.387,눈높이(정면)
curb,image109_jpg.rf.4f3ea20fdd492315bcf8e9f3e6081a23.jpg,train,0.204,-8.6,0.444,눈높이(정면)
curb,image253_jpg.rf.3b15d08915df703aab3ae42cc9b3c90a.jpg,train,0.093,-18.6,0.504,고각도(내려다봄)
curb,image38_jpg.rf.ec325dbfb1b341bf80bcc895bb68153e.jpg,train,0.573,24.6,0.52,고각도(내려다봄)
curb,image704_jpg.rf.6d4702bbabb1515cf9b31d7f058bc6c9.jpg,train,0.752,40.7,0.441,눈높이(정면)
curb,image89_jpg.rf.d3576bb043a295a45a92f0487d46b848.jpg,train,0.502,18.2,0.657,고각도(내려다봄)
curb,image435_jpg.rf.1318880837cd0cc4fd5db7698f684c6b.jpg,train,0.466,14.9,0.554,고각도(내려다봄)
curb,image437_jpg.rf.1dc36bb7a195d0c4f3b4bb2d8963147e.jpg,train,0.346,4.1,0.612,고각도(내려다봄)
curb,image55_jpg.rf.3cf9a70e15446a21158b577cca335d93.jpg,train,0.56,23.4,0.514,고각도(내려다봄)
curb,image484_jpg.rf.b9815adf6d37c016e326fa84b6c07385.jpg,train,0.466,15.0,0.576,고각도(내려다봄)
curb,image188_jpg.rf.846338f4d77a0425cfe1d72b3fa9b8f2.jpg,train,0.364,5.8,0.617,고각도(내려다봄)
curb,image128_jpg.rf.27a030cd96a912827842c863244e0fa1.jpg,train,0.188,-10.1,0.479,눈높이(정면)
curb,image563_jpg.rf.de74af02a5090d5cef906035f5389680.jpg,train,0.139,-14.5,0.359,눈높이(정면)
curb,image55_jpg.rf.cfc107bd55f3e849f551e20d6a07e961.jpg,train,0.125,-15.7,0.048,눈높이(정면)
curb,image604_jpg.rf.1c6761d53d0a3cf4922b6a2018550b71.jpg,train,0.227,-6.5,0.119,눈높이(정면)
curb,b090e7b94f80676aca58e5a9962c786_jpg.rf.5c4e962f16b314f6b547b219d3dbb13b.jpg,train,0.279,-1.9,0.629,고각도(내려다봄)
curb,image450_jpg.rf.cedcc50c9b4e4ce675b8fe67ca47891a.jpg,train,0.461,14.5,0.718,고각도(내려다봄)
curb,image119_jpg.rf.cda7aab8135d033c0b4ec10f37e253f2.jpg,train,0.682,34.4,0.492,눈높이(정면)
curb,image235_jpg.rf.dd016bdeb269783e976b7c17a332a822.jpg,train,0.409,9.8,0.652,고각도(내려다봄)
curb,image41_jpg.rf.01483fa46590e9079f63a52e1dce9c46.jpg,train,0.26,-3.6,0.43,눈높이(정면)
curb,image51_jpg.rf.733e8c8742de57df909248223afde364.jpg,train,0.372,6.5,0.558,고각도(내려다봄)
curb,image18_jpg.rf.3476612b978ce9aec29689eca13b476d.jpg,train,0.158,-12.8,0.433,눈높이(정면)
curb,image21_jpg.rf.c58987b8f301205fc54b1634b207e102.jpg,train,0.856,50.1,1.0,고각도(내려다봄)
curb,image292_jpg.rf.42e5b590160931aaf69079eeb172b456.jpg,train,0.797,44.8,0.364,눈높이(정면)
curb,image3_jpg.rf.c9ffb1259a5c88b71039bb9a67414675.jpg,train,0.492,17.3,0.443,눈높이(정면)
curb,image138_jpg.rf.60eb350acf72ba0cf9c755aaa6ad7b37.jpg,train,0.661,32.5,0.354,눈높이(정면)
curb,image55_jpg.rf.0c43ee4b9b5ed1e4cc99588163bb5e04.jpg,train,0.723,38.0,0.513,고각도(내려다봄)
curb,image621_jpg.rf.aed778df1b94126c053b2380e3d15c27.jpg,train,0.514,19.3,0.0,눈높이(정면)
curb,image100_jpg.rf.67590a444868c3350f80da764ecd493e.jpg,train,0.922,56.0,1.0,고각도(내려다봄)
curb,image505_jpg.rf.c4f37c0d2d9d7e6170b963b99e6e64aa.jpg,train,0.615,28.3,0.57,고각도(내려다봄)
curb,image17_jpg.rf.8cd4fb8e368b9ebe9911d0d19602f368.jpg,train,0.327,2.4,0.527,고각도(내려다봄)
curb,image358_jpg.rf.752303410fe8a20c027eb0e884c3956c.jpg,train,0.451,13.6,0.385,눈높이(정면)
curb,image511_jpg.rf.7ea9d723138a0274f8971812210ae251.jpg,train,0.598,26.8,0.317,눈높이(정면)
curb,image18_jpg.rf.bc07765be2a305fc90d1c18e68222120.jpg,train,0.509,18.8,0.378,눈높이(정면)
curb,image41_jpg.rf.854ac8555d4d8d13fe0f410c1d68d7c2.jpg,train,0.587,25.8,0.674,고각도(내려다봄)
curb,image545_jpg.rf.01d7cf587f9ffe2df60495a5a00f83de.jpg,train,0.455,14.0,0.41,눈높이(정면)
curb,image470_jpg.rf.1210b02f3afbee09cb14b6c5074ed393.jpg,train,0.1,-18.0,0.385,눈높이(정면)
curb,image340_jpg.rf.1a5b56b0c42b9f6b6d6b49f26d177731.jpg,train,0.344,4.0,0.357,눈높이(정면)
curb,image317_jpg.rf.5af8ff88c5573b43f553a47b3e601df5.jpg,train,0.147,-13.8,0.511,고각도(내려다봄)
curb,image377_jpg.rf.3fc543031abdcb36259dea2075e9bd75.jpg,train,0.363,5.7,0.512,고각도(내려다봄)
curb,0a61af84f3e21b47e66cb47810ba8bcc_jpg.rf.42e29413abe205a47008b030ade50d0f.jpg,train,0.727,38.4,1.0,고각도(내려다봄)
curb,image266_jpg.rf.3f3fbd44e55eb02328422dd2fb318f6d.jpg,train,0.144,-14.1,0.537,고각도(내려다봄)
curb,image151_jpg.rf.7e30d3d3ed4007c99316343a16afb912.jpg,train,0.819,46.7,0.268,눈높이(정면)
curb,image481_jpg.rf.796711993a8f5bb4153e6dddfaa767d1.jpg,train,0.519,19.7,0.577,고각도(내려다봄)
curb,image51_jpg.rf.f04adfacfad9fdad4b849a94333074f6.jpg,train,0.343,3.9,0.559,고각도(내려다봄)
curb,image54_jpg.rf.7748c082954ce4aa4b0a8cafc27e179b.jpg,train,0.639,30.5,0.378,눈높이(정면)
curb,image244_jpg.rf.1caaf9ff708b55c44176fafd6f69e941.jpg,train,0.879,52.1,0.518,고각도(내려다봄)
curb,image559_jpg.rf.a9939a97f629a312a43824e03ae05297.jpg,train,0.679,34.1,0.509,고각도(내려다봄)
curb,image44_jpg.rf.4b1ea63580c940b201976b31aa2aa912.jpg,train,0.364,5.8,0.416,눈높이(정면)
curb,curb21_jpeg_jpg.rf.359ab577ad7a4dd9b4de9fcb1f86cd44.jpg,train,0.102,-17.9,0.55,고각도(내려다봄)
curb,image700_jpg.rf.1c25ce4b24031aebc34122906fc3a518.jpg,train,0.26,-3.6,0.537,고각도(내려다봄)
curb,image104_jpg.rf.48b798cb90bf61df8e32a43194b61763.jpg,train,0.693,35.4,0.402,눈높이(정면)
curb,image628_jpg.rf.9bccc35fda33a2284dd94de560675d6e.jpg,train,0.744,39.9,0.419,눈높이(정면)
curb,image690_jpg.rf.5b37142ddf117ae979b0aaeadf33f5c2.jpg,train,0.708,36.7,0.425,눈높이(정면)
curb,image370_jpg.rf.1ad4b994f3cb08f1b67ce9dc2531442c.jpg,train,0.731,38.8,0.396,눈높이(정면)
curb,image49_jpg.rf.1d245c6fb33b08db607d53c788dfb172.jpg,train,0.045,-23.0,1.0,고각도(내려다봄)
curb,image68_jpg.rf.4af8ee910d374831c74a237ff231732d.jpg,train,0.464,14.8,0.436,눈높이(정면)
curb,image608_jpg.rf.440d6dfda35489e2304b83988a3612f1.jpg,train,0.67,33.3,0.487,눈높이(정면)
curb,0afffc3f39fa653a0725a1af919d5bd7_jpg.rf.6cf34fb5da490dc6d46d62f03680d476.jpg,train,0.72,37.8,0.88,고각도(내려다봄)
curb,image624_jpg.rf.6a6f0b3f9eadcbf680c0c865c03de511.jpg,train,0.917,55.5,0.002,눈높이(정면)
curb,image272_jpg.rf.4aafe6e00272fddfea84ea2c9a3fcbe9.jpg,train,0.094,-18.5,0.356,눈높이(정면)
curb,image440_jpg.rf.b879737a84dbdf9c7bf8940d0fbb63b8.jpg,train,0.39,8.1,0.381,눈높이(정면)
curb,image555_jpg.rf.5e78c19ac50c77bd91f92caad7dec54e.jpg,train,0.441,12.7,0.383,눈높이(정면)
curb,1cd44b5b5a1d37590c4a5c96a6224f27_jpg.rf.9d42a7d341a71576b3dde9a8ccd66291.jpg,train,0.255,-4.1,0.941,고각도(내려다봄)
curb,image682_jpg.rf.b217c5822bc59fdb6b2933948b75cc0d.jpg,train,0.43,11.7,0.591,고각도(내려다봄)
curb,image86_jpg.rf.af1e252a74e629bac4274e29664e80e7.jpg,train,0.524,20.1,0.413,눈높이(정면)
curb,image311_jpg.rf.f35a90a12e8d4d814bf0346c2d64899e.jpg,train,0.127,-15.6,0.444,눈높이(정면)
curb,image447_jpg.rf.5449069fc40b049467c425142d4cfafb.jpg,train,0.58,25.2,0.58,고각도(내려다봄)
curb,image194_jpg.rf.fd9380bef2eb7e7fb42b890bcf04c2af.jpg,train,0.54,21.6,0.687,고각도(내려다봄)
curb,image330_jpg.rf.c6e840386b92d3ea754e83a97dd8e6ac.jpg,train,0.641,30.7,0.524,고각도(내려다봄)
curb,image629_jpg.rf.28d42b994b23bc55f8483c0879b3dff3.jpg,train,0.824,47.1,0.443,눈높이(정면)
curb,image288_jpg.rf.ee8c559c218b149033888d7c545f06c5.jpg,train,0.334,3.1,0.51,고각도(내려다봄)
curb,image9_jpg.rf.d052c1a844c896b1e1bc33e10aa488df.jpg,train,0.34,3.6,0.434,눈높이(정면)
curb,image11_jpg.rf.9e7d2bbc5c8d0d83ca9f51f4bd332458.jpg,train,0.782,43.4,0.473,눈높이(정면)
curb,image71_jpg.rf.1670e3103360ce3c9fafc58b34b8943e.jpg,train,0.627,29.4,0.511,고각도(내려다봄)
curb,image30_jpg.rf.087deca7a4b72305ce627e1999697d5d.jpg,train,0.368,6.1,0.301,눈높이(정면)
curb,0ed84568e189ba242ac25b5bdc1cbcff_jpg.rf.b17893eb907c090f2c737c91c974aff3.jpg,train,0.663,32.7,0.931,고각도(내려다봄)
curb,image666_jpg.rf.017e4b72a92f9a46bbc9dad5df5b8068.jpg,train,0.115,-16.7,0.986,고각도(내려다봄)
curb,1cd525b4e3f2f15db2e6e5249dc362a0_jpg.rf.cb4d30ad29e1d0a4063ee8ed91e7316e.jpg,train,0.656,32.1,0.91,고각도(내려다봄)
curb,image343_jpg.rf.732f18511bab1e6205848b7238a44396.jpg,train,0.576,24.8,0.334,눈높이(정면)
curb,image17_jpg.rf.45d93a012457c852f2edc2bb3d0c4f67.jpg,train,0.76,41.4,0.05,눈높이(정면)
curb,image22_jpg.rf.99b5a9b81ce2b4ec6dcff2da7a994d18.jpg,train,0.727,38.4,0.992,고각도(내려다봄)
curb,image59_jpg.rf.0f954c99e294bd64778a2e817e71ef82.jpg,train,0.671,33.4,0.427,눈높이(정면)
curb,image673_jpg.rf.649ce00878b02c50938fb3ca278c7dbd.jpg,train,0.559,23.3,0.489,눈높이(정면)
curb,image31_jpg.rf.47331c76115446650c08265e78752175.jpg,train,0.766,42.0,0.548,고각도(내려다봄)
curb,image104_jpg.rf.ed447b5dc0f9233bef78c4856d525198.jpg,train,0.716,37.5,0.412,눈높이(정면)
curb,image558_jpg.rf.f121d8c7d706cff9a52365885eaedea0.jpg,train,0.132,-15.1,0.514,고각도(내려다봄)
curb,image188_jpg.rf.3d1d706d2a8fae02381d25dd913f9462.jpg,train,0.465,14.8,0.607,고각도(내려다봄)
curb,image313_jpg.rf.3b6b6d1f5c5a53a1bae2caf69063d75e.jpg,train,0.215,-7.7,0.553,고각도(내려다봄)
curb,image572_jpg.rf.7911f74170d739cebc100951df7805fa.jpg,train,0.45,13.5,0.0,눈높이(정면)
curb,image172_jpg.rf.66e37adc78baaead1e7ef6dd1b4e6fc5.jpg,train,0.731,38.8,0.699,고각도(내려다봄)
curb,image505_jpg.rf.fd079b8d59e5f21f19932f277e8d3f2b.jpg,train,0.698,35.8,0.568,고각도(내려다봄)
curb,image441_jpg.rf.22ef0e597895fc1b7b5fba401ea34309.jpg,train,0.183,-10.5,1.0,고각도(내려다봄)
curb,image197_jpg.rf.e1e470421150893b08c52836af234c7a.jpg,train,0.512,19.1,0.836,고각도(내려다봄)
curb,image382_jpg.rf.0b5dc5cbd7a5bcbe8125d0bb5a4e589a.jpg,train,0.738,39.4,0.47,눈높이(정면)
curb,1cd15ea801827bf119d1b48bd784a7cd_jpg.rf.49e277a89929cf121f7db016f2a73dfa.jpg,train,0.464,14.7,0.757,고각도(내려다봄)
curb,image111_jpg.rf.64eef940a27d8f84854b0af34252f638.jpg,train,0.33,2.7,0.549,고각도(내려다봄)
curb,image625_jpg.rf.02ac9134c3eab9303f6f92fed601cffb.jpg,train,0.522,20.0,0.608,고각도(내려다봄)
curb,image332_jpg.rf.38534e15dd4501896588199b86279271.jpg,train,0.831,47.8,0.416,눈높이(정면)
curb,image691_jpg.rf.57100faebef0a9db1753de225228ac3e.jpg,train,0.836,48.2,0.555,고각도(내려다봄)
curb,05a4bd84894f121e5a39143092c4087_jpg.rf.5802f2572f668b17f9f16de24581f0a9.jpg,train,0.351,4.6,0.388,눈높이(정면)
curb,image15_jpg.rf.201d3fabb1adc79cfda1d48ba4717044.jpg,train,0.28,-1.8,0.0,눈높이(정면)
curb,image695_jpg.rf.42bb7ce755c7516a81f777a903d16eb9.jpg,train,0.616,28.5,0.613,고각도(내려다봄)
curb,image698_jpg.rf.a89f73da610c48ecfc3acdc9320f87c7.jpg,train,0.777,42.9,0.385,눈높이(정면)
curb,image662_jpg.rf.bf6d9c0c58535b8b4d2c221cefa9aa51.jpg,train,0.661,32.5,0.512,고각도(내려다봄)
curb,image353_jpg.rf.ca1cd8f6b5d96adbd0739531101803eb.jpg,train,0.221,-7.1,0.493,눈높이(정면)
curb,image133_jpg.rf.78f94ef0ce6bda2147e0dc567514eb13.jpg,train,0.357,5.1,0.397,눈높이(정면)
curb,d0ea559176e7af941d25859f5340282_jpg.rf.3d88513544a328e50c16ca4bb99b6650.jpg,train,0.372,6.5,0.666,고각도(내려다봄)
curb,image672_jpg.rf.98523953367590e45a7ff087ab7f806f.jpg,train,0.18,-10.8,0.372,눈높이(정면)
curb,image681_jpg.rf.470fb1d56bc5e9a6e4b563be5694aa35.jpg,train,0.893,53.4,0.512,고각도(내려다봄)
curb,image353_jpg.rf.8121d539398084259dc2a326c4c63431.jpg,train,0.461,14.5,0.494,눈높이(정면)
curb,image390_jpg.rf.16dc29005d2f327223969967bd5fdd31.jpg,train,0.346,4.2,0.228,눈높이(정면)
curb,image172_jpg.rf.8a423cc5d1fca5296c5182ecca8ee7fa.jpg,train,0.761,41.5,0.702,고각도(내려다봄)
curb,image85_jpg.rf.844386b4040853792047b89a22dba47a.jpg,train,0.197,-9.3,0.428,눈높이(정면)
curb,image559_jpg.rf.476511c293414b759aaee0134fb9d622.jpg,train,0.661,32.5,0.536,고각도(내려다봄)
curb,image3_jpg.rf.986f81980e8e94bd9539f701007e0252.jpg,train,0.374,6.6,0.389,눈높이(정면)
curb,image387_jpg.rf.1821ef11599f53b8975b2709e0272af6.jpg,train,0.301,0.1,0.937,고각도(내려다봄)
curb,image691_jpg.rf.09f07ea9392a690ccf749d5472953ac0.jpg,train,0.441,12.7,0.555,고각도(내려다봄)
curb,image617_jpg.rf.35efd14d712c9f27463376976c9507de.jpg,train,0.442,12.8,0.505,고각도(내려다봄)
curb,image82_jpg.rf.ac2a55a86b6ab8c6068c45b0d2a67429.jpg,train,0.777,43.0,1.0,고각도(내려다봄)
curb,curb16_jpeg_jpg.rf.b14caedb3cdccca81b10be1b9010e077.jpg,train,0.921,55.9,0.418,눈높이(정면)
curb,image80_jpg.rf.85893472fafa83b6285e1f228725cfdc.jpg,train,0.759,41.3,0.683,고각도(내려다봄)
curb,image476_jpg.rf.e1a64fca119c899a11a74e5b74d173eb.jpg,train,0.528,20.5,0.427,눈높이(정면)
curb,image389_jpg.rf.b0b55bbdc9a07453bc13d5ea6f5557db.jpg,train,0.424,11.2,0.56,고각도(내려다봄)
curb,image50_jpg.rf.53d9b03ce252a367313d1fba0878756b.jpg,train,0.207,-8.4,0.324,눈높이(정면)
curb,image315_jpg.rf.523ab9bb240b28d8a349b508ac51be46.jpg,train,0.125,-15.7,0.497,눈높이(정면)
curb,image678_jpg.rf.a4fc0edc2f8069db5533ed164117ec5d.jpg,train,0.205,-8.6,0.017,눈높이(정면)
curb,63f1b93fa1ee0a7767105f4f4caea5b_jpg.rf.d0a2cdceb4f18a0d4b1f71b651a59d26.jpg,train,0.255,-4.0,0.465,눈높이(정면)
curb,image431_jpg.rf.ff06358cd89317a0e3a31538bd79e700.jpg,train,0.111,-17.0,0.311,눈높이(정면)
curb,image635_jpg.rf.89b9faeae69878134fc93c2ba5cbd501.jpg,train,0.786,43.7,0.0,눈높이(정면)
curb,image407_jpg.rf.e3968dc062b2cf7e9ccf1c62d5ed8e83.jpg,train,0.726,38.4,0.514,고각도(내려다봄)
curb,image560_jpg.rf.9fe590b7d9d538a73bbdd0e3af70935b.jpg,train,0.246,-4.9,0.261,눈높이(정면)
curb,image57_jpg.rf.0a6df9267f373c99a59a97ff5358975a.jpg,train,0.81,45.9,0.524,고각도(내려다봄)
curb,image9_jpg.rf.ad52f014bfc17a97b48e26c45c3ede75.jpg,train,0.38,7.2,0.446,눈높이(정면)
curb,image28_jpg.rf.0e9aa08c2fde5d40f1dd9b1028d4874b.jpg,train,0.566,23.9,0.155,눈높이(정면)
curb,image97_jpg.rf.9982949e9ecae9be496611f74930d3d2.jpg,train,0.756,41.1,0.505,고각도(내려다봄)
curb,image304_jpg.rf.fbbc0ccc2883477f93064e5dcd7f1e5b.jpg,train,0.639,30.5,0.513,고각도(내려다봄)
curb,image177_jpg.rf.f7218da7ea853ee3ac23417c72649a0f.jpg,train,0.114,-16.8,0.519,고각도(내려다봄)
curb,image191_jpg.rf.74b80c4f6ef14f4ce6a5effc73babc3b.jpg,train,0.563,23.7,0.441,눈높이(정면)
curb,image469_jpg.rf.3442efd576a4829ea83929930946de9d.jpg,train,0.251,-4.4,0.34,눈높이(정면)
curb,image45_jpg.rf.f40edf0cf06ae8c8e09fef89f669d701.jpg,train,0.909,54.8,0.439,눈높이(정면)
curb,image563_jpg.rf.e72c2a8f9a7f3c430d78b7a809b284b0.jpg,train,0.176,-11.2,0.354,눈높이(정면)
curb,image429_jpg.rf.67d945913cdb5257d3a0b16be7312359.jpg,train,0.198,-9.2,0.476,눈높이(정면)
curb,0ab0684d696713181157a7a63c15fd80_jpg.rf.707d54fe8cf070d6d04e6b6842c3a1de.jpg,train,,,0.972,고각도(내려다봄)
curb,image600_jpg.rf.f66b080b5af8cb6c5d4773a89a2a2a22.jpg,train,0.701,36.1,0.585,고각도(내려다봄)
curb,image27_jpg.rf.33344fb6c6b328f2ee6d64fe8c33ef71.jpg,train,0.146,-13.9,0.421,눈높이(정면)
curb,image259_jpg.rf.a41d103918d22e867e925fddadcd76eb.jpg,train,0.5,18.0,0.426,눈높이(정면)
curb,image169_jpg.rf.91cb2a98eea09e6244d37177051ac785.jpg,train,0.915,55.4,0.473,눈높이(정면)
curb,image407_jpg.rf.3465172150a4667901b21e1c8d4ebd7c.jpg,train,0.656,32.0,0.515,고각도(내려다봄)
curb,image670_jpg.rf.2151a559e85d758bef84f925837b7045.jpg,train,0.517,19.5,0.476,눈높이(정면)
curb,image39_jpg.rf.a74ed2195be8c6fa526718e96c1f2a4e.jpg,train,0.257,-3.9,0.16,눈높이(정면)
curb,image639_jpg.rf.afc37577deeaffbf12fa5df70936eeb4.jpg,train,0.729,38.6,0.592,고각도(내려다봄)
curb,image503_jpg.rf.dd096bc8df5257bc32cfeeb67efe2563.jpg,train,0.702,36.2,0.471,눈높이(정면)
curb,image450_jpg.rf.d72394bf1660a5ab7b864c5868ab08d4.jpg,train,0.538,21.4,0.888,고각도(내려다봄)
curb,image235_jpg.rf.fc54207d85b4b273a88f4833a29113b6.jpg,train,0.267,-3.0,0.652,고각도(내려다봄)
curb,image1_jpg.rf.b0826eaa3a270c6d5c1896c1a0e18551.jpg,train,0.436,12.2,0.1,눈높이(정면)
curb,image106_jpg.rf.66682246341506404013a432c983deca.jpg,train,0.203,-8.7,0.422,눈높이(정면)
curb,image40_jpg.rf.cd83aa4ee0b3c7889ed70c7ff26462e9.jpg,train,0.197,-9.3,0.484,눈높이(정면)
curb,image608_jpg.rf.a3f6f55b6c1839726b5c17a8935ce5e2.jpg,train,0.325,2.3,0.486,눈높이(정면)
curb,image572_jpg.rf.61030f0f6aa156f57913d7ae26525f7b.jpg,train,0.472,15.5,0.92,고각도(내려다봄)
curb,image685_jpg.rf.ceb4a3d562f7ade8e187e4e37a700e53.jpg,train,0.26,-3.6,0.461,눈높이(정면)
curb,image72_jpg.rf.74c19e6e738f94d79a5cebde6a30f97c.jpg,train,0.314,1.3,0.134,눈높이(정면)
curb,image40_jpg.rf.ba7d5c10b1ca6dc9cb01031edf4b45b4.jpg,train,0.509,18.8,0.619,고각도(내려다봄)
curb,image41_jpg.rf.c581dc9e9da6f020994e921f8166c15f.jpg,train,0.26,-3.6,0.411,눈높이(정면)
curb,image704_jpg.rf.6b4157ad76c14d441536574311dadceb.jpg,train,0.661,32.5,0.443,눈높이(정면)
curb,image99_jpg.rf.df141c8be38e8cae2477b81fd31e813d.jpg,train,0.159,-12.7,0.577,고각도(내려다봄)
curb,8c350f72ccb48f46e7e8267dd9a3821_jpg.rf.3b3fc627598ac9c1c6850d5801d8c257.jpg,train,0.51,18.9,0.57,고각도(내려다봄)
curb,image290_jpg.rf.ad07fb8e042d8b4252bab0b9b347b9af.jpg,train,0.109,-17.2,0.621,고각도(내려다봄)
curb,0a219bf35d41d874ffd4d9c3fe9da75a_jpg.rf.31dcfd53add6ade575b31109936cf564.jpg,train,0.393,8.4,0.941,고각도(내려다봄)
curb,image673_jpg.rf.2681c186d66a767cab908e8bb17b3cd0.jpg,train,0.616,28.5,0.49,눈높이(정면)
curb,image480_jpg.rf.1fd674cd01648e601d0c397feb3a958f.jpg,train,0.734,39.1,0.445,눈높이(정면)
curb,image109_jpg.rf.7e48da7272222e388dcc7c590c3fd6e3.jpg,train,0.15,-13.5,0.471,눈높이(정면)
curb,image147_jpg.rf.29dfb815c5dbc6795af705d3184ff2c2.jpg,train,0.65,31.5,0.267,눈높이(정면)
curb,image39_jpg.rf.a76feec8cb2ccc10cf1d8a27adaefbf7.jpg,train,0.806,45.5,0.531,고각도(내려다봄)
curb,image510_jpg.rf.cbd2b797ad626c453f03bf5a6484f131.jpg,train,0.651,31.6,0.602,고각도(내려다봄)
curb,1c630942cedd52370059160bffca1716_jpg.rf.bd26b1889e47651dd7564b979197da39.jpg,train,0.581,25.3,0.915,고각도(내려다봄)
curb,image309_jpg.rf.ef1d78af649e85dc49002d5355134f0a.jpg,train,0.761,41.5,0.458,눈높이(정면)
curb,image76_jpg.rf.7390fffd2cf4b0772c337a91387157db.jpg,train,0.526,20.3,0.467,눈높이(정면)
curb,image13_jpg.rf.55de061257fb5dc4eb1cd162cf2a8e98.jpg,train,0.148,-13.6,0.525,고각도(내려다봄)
curb,0ebefe3f61b4bf4a1bdb4a6804519d34_jpg.rf.39b125a82a9a77a089f2ff31ce1e3669.jpg,train,0.726,38.3,0.962,고각도(내려다봄)
curb,image351_jpg.rf.7b319747938611daf05078a24fc1dcb6.jpg,train,0.453,13.8,0.589,고각도(내려다봄)
curb,image617_jpg.rf.2d4b786cce3fa91ca19c328f0bc70ccd.jpg,train,0.36,5.4,0.506,고각도(내려다봄)
curb,image179_jpg.rf.93c3c65bfe14ed8a97c1602c5c0a36b6.jpg,train,0.509,18.8,0.445,눈높이(정면)
curb,curb17_jpeg_jpg.rf.d6f1026adf55f795b21ad7130c7ae25b.jpg,train,0.92,55.8,0.545,고각도(내려다봄)
curb,image49_jpg.rf.6a1a647e97e2f6ceb1532aecd781a5a2.jpg,valid,0.05,-22.5,0.212,눈높이(정면)
curb,image670_jpg.rf.921b4c25f354213f35243714ecf7ce51.jpg,valid,0.538,21.4,0.478,눈높이(정면)
curb,image416_jpg.rf.20f02d824dbd2d09e10f68e251fff1e2.jpg,valid,0.372,6.5,0.493,눈높이(정면)
curb,image605_jpg.rf.be3d6a4807d04f49ff00ab8e65056134.jpg,valid,0.324,2.2,0.501,고각도(내려다봄)
curb,image622_jpg.rf.4f06cd95c85938e27dfc528fd82c180d.jpg,valid,0.68,34.2,0.552,고각도(내려다봄)
curb,image372_jpg.rf.9a14a1015b9e4d8bc8bba736e6e841e8.jpg,valid,0.109,-17.2,1.0,고각도(내려다봄)
curb,image48_jpg.rf.9e74923cbc77639d270e247a0919161a.jpg,valid,0.594,26.4,0.562,고각도(내려다봄)
curb,image136_jpg.rf.df532c01b05dc41ff446e38960d997cc.jpg,valid,0.24,-5.4,0.414,눈높이(정면)
curb,image588_jpg.rf.0bdcba0ecc6cf92bd3435fe3f13a8bec.jpg,valid,0.134,-15.0,0.38,눈높이(정면)
curb,image86_jpg.rf.e5334b2a96e1cd0cb169f18572a1f34c.jpg,valid,0.641,30.7,0.426,눈높이(정면)
curb,image400_jpg.rf.e0599bb6663b6b8c689968b66cc74fb6.jpg,valid,0.218,-7.4,0.415,눈높이(정면)
curb,image345_jpg.rf.9242a770c3d5f7bbf29fa5465872ec41.jpg,valid,0.792,44.3,0.344,눈높이(정면)
curb,image691_jpg.rf.911349911a6c88f97fcec2ca178d266e.jpg,valid,0.514,19.3,0.555,고각도(내려다봄)
curb,image132_jpg.rf.17055ea5f62d2a965c1cad70c76f9b27.jpg,valid,0.562,23.6,0.478,눈높이(정면)
curb,image87_jpg.rf.0d1bbd96b35b6273ac740a967f4c707b.jpg,valid,0.348,4.4,0.386,눈높이(정면)
curb,image107_jpg.rf.9433b416222cab8310db142d5b0ccb70.jpg,valid,0.205,-8.5,0.576,고각도(내려다봄)
curb,image662_jpg.rf.8eceedd75981a2807d753d4c6a02ca75.jpg,valid,0.741,39.7,0.513,고각도(내려다봄)
curb,image161_jpg.rf.284936a2bc4c17f46ef237e3016fa88d.jpg,valid,0.875,51.8,0.434,눈높이(정면)
curb,image257_jpg.rf.8c3ed3e50a77286cd111d54657a0075c.jpg,valid,0.52,19.8,0.562,고각도(내려다봄)
curb,image378_jpg.rf.9916126ece712e624b58d3c0f4172c02.jpg,valid,0.47,15.3,0.343,눈높이(정면)
curb,image644_jpg.rf.bc0ed435e45d3699bc85e811efb15fd5.jpg,valid,0.327,2.5,0.547,고각도(내려다봄)
curb,image674_jpg.rf.63b0096adec10d77f551031e8dd20a96.jpg,valid,0.173,-11.4,0.587,고각도(내려다봄)
curb,image605_jpg.rf.2b0afeb682f8fc7c0695c5b2c418a884.jpg,valid,0.657,32.1,0.489,눈높이(정면)
curb,image6_jpg.rf.2c5ddbc0fa02c3aa309c7f6df87aca1d.jpg,valid,0.306,0.6,0.57,고각도(내려다봄)
curb,image602_jpg.rf.620f2b8919437e289706637b5d450737.jpg,valid,0.532,20.9,0.699,고각도(내려다봄)
curb,image34_jpg.rf.aa59887b9d41f0bc11d459159eb89ac2.jpg,valid,0.319,1.7,0.496,눈높이(정면)
curb,image116_jpg.rf.4b2c69f5c43339ba783b1b2ca6719f44.jpg,valid,0.577,24.9,0.548,고각도(내려다봄)
curb,image185_jpg.rf.bcd0b34b84ffe93a81bc55d5edf9084b.jpg,valid,0.228,-6.5,0.421,눈높이(정면)
curb,image598_jpg.rf.4a632dcd2d922dbe2097aaad72b80852.jpg,valid,0.436,12.2,0.504,고각도(내려다봄)
curb,image48_jpg.rf.64884d5e20f965a0cbf2515bff8b7bab.jpg,valid,0.588,25.9,0.562,고각도(내려다봄)
curb,image560_jpg.rf.b7a471e2c4032bb4b689a8d8655afb78.jpg,valid,0.188,-10.1,0.259,눈높이(정면)
curb,image394_jpg.rf.63b2568126e282fed15965fd4f2ffe31.jpg,valid,0.673,33.6,0.128,눈높이(정면)
curb,image84_jpg.rf.0b9804f962f474ac6e18deb98400057c.jpg,valid,0.622,29.0,0.169,눈높이(정면)
curb,image608_jpg.rf.9d9eaa94c697dc812bccb430f5f39c7a.jpg,valid,0.267,-3.0,0.486,눈높이(정면)
curb,curb18_jpeg_jpg.rf.160474031d1734a28097b4d81bc515c8.jpg,valid,0.316,1.4,0.592,고각도(내려다봄)
curb,image649_jpg.rf.e03e65e95348c97e405045384eb6af87.jpg,valid,0.748,40.3,0.559,고각도(내려다봄)
curb,image190_jpg.rf.c259293bd6833f6ba6b16668e31f44c3.jpg,valid,0.545,22.0,0.498,눈높이(정면)
curb,0a08b7b06c8efc2d8b799c5a77cd905d_jpg.rf.51b7413cf0fbd6dcc1a266c6ee6423af.jpg,valid,0.173,-11.5,0.573,고각도(내려다봄)
curb,image594_jpg.rf.943fb6ff5be6d3d1bf74175e9474f306.jpg,valid,0.386,7.7,0.578,고각도(내려다봄)
curb,image154_jpg.rf.abf8a163cdc43826d0b90a8ba6562199.jpg,valid,0.218,-7.4,0.407,눈높이(정면)
curb,image227_jpg.rf.60551e4f6e6fda94be9c8f3c01785e27.jpg,valid,0.352,4.7,0.588,고각도(내려다봄)
curb,image317_jpg.rf.9ec62039b8b781f1b7f564593f917cc3.jpg,valid,0.196,-9.4,0.515,고각도(내려다봄)
curb,image21_jpg.rf.a7204b3cac5f5e98de1665c36f418152.jpg,valid,0.764,41.8,0.0,눈높이(정면)
curb,image6_jpg.rf.203450644a49882322cbefbab1a117ae.jpg,valid,0.298,-0.1,0.504,고각도(내려다봄)
curb,image51_jpg.rf.d3495b05dc588b66f2e6b47b86b820f6.jpg,valid,0.804,45.4,0.767,고각도(내려다봄)
curb,image15_jpg.rf.c3dc6298c5eaf1afbc96f448912166ef.jpg,valid,0.823,47.1,0.0,눈높이(정면)
curb,0eeb59d529acfbea69d8f8388f13f4b2_jpg.rf.e1ed7b0377f7e10fbe7e27fe2a27c90e.jpg,valid,0.286,-1.3,0.63,고각도(내려다봄)
curb,image675_jpg.rf.9003cce5a40ace1f5f09964d7d146bd1.jpg,valid,0.217,-7.5,0.602,고각도(내려다봄)
curb,image393_jpg.rf.6983046108bdc78b8bf00cbea3317144.jpg,valid,0.101,-17.9,0.344,눈높이(정면)
curb,image435_jpg.rf.e45ecd40ecc4fb92387c6343dc4763c4.jpg,valid,0.47,15.3,0.552,고각도(내려다봄)
curb,image433_jpg.rf.03661c1318b60f772c22c5bc278a0bc2.jpg,valid,0.403,9.3,0.565,고각도(내려다봄)
curb,image28_jpg.rf.83c321d58ce08252032bd34bc92dfec3.jpg,valid,0.357,5.1,0.454,눈높이(정면)
curb,image379_jpg.rf.16515bdaa776b2e2ba4d765a35bb2dd1.jpg,valid,0.32,1.8,0.553,고각도(내려다봄)
curb,image684_jpg.rf.5ee396ff2ce94fb8b094e436bc85e5e6.jpg,valid,0.294,-0.6,0.539,고각도(내려다봄)
curb,image302_jpg.rf.b5ad4ea1f380c59ae331de04fb593e62.jpg,valid,0.559,23.3,0.588,고각도(내려다봄)
curb,0edad0cd1a9a331b0b817ad6dd3c16bb_jpg.rf.58af331a05fded845320ed4968265729.jpg,valid,0.661,32.5,0.823,고각도(내려다봄)
curb,image196_jpg.rf.4e1774449600281cf345a8c24cc74da9.jpg,valid,0.293,-0.6,0.665,고각도(내려다봄)
curb,curb18_jpeg_jpg.rf.b4d497cf2caca0e2d7862c5b1381759b.jpg,valid,0.227,-6.6,0.595,고각도(내려다봄)
curb,image2_jpg.rf.ff398b3c6d730dde812bc6327c82cb8f.jpg,valid,0.184,-10.4,0.371,눈높이(정면)
curb,image281_jpg.rf.1c9cf650c12f785c3ec8dde3a5cff7f7.jpg,valid,0.424,11.2,0.645,고각도(내려다봄)
curb,image164_jpg.rf.6b4d1c2555fffa3a23888802db2c133c.jpg,valid,0.677,34.0,0.427,눈높이(정면)
curb,0ae9544e8930239c794caf5c576e2d48_jpg.rf.4bed748831819a670d70c55007c4de62.jpg,valid,0.7,36.0,0.913,고각도(내려다봄)
curb,image17_jpg.rf.f7fbc7db2c0019c2e97b2cda918f0217.jpg,valid,0.675,33.7,1.0,고각도(내려다봄)
curb,image179_jpg.rf.99651e72e70945bc0a4d0a7b5247f3c2.jpg,valid,0.756,41.1,0.445,눈높이(정면)
curb,image707_jpg.rf.c0c300100b21196522c69f7d5cae074c.jpg,valid,0.857,50.2,0.484,눈높이(정면)
curb,image363_jpg.rf.9b7833ac8b3082a9d4ed3f9058b6fa02.jpg,valid,0.567,24.0,0.556,고각도(내려다봄)
curb,image27_jpg.rf.52570be817053508dc8a87a3ebfa364e.jpg,valid,0.609,27.8,0.395,눈높이(정면)
curb,image630_jpg.rf.926be872e6afe8541c95cd8f81dc5640.jpg,valid,0.54,21.6,0.088,눈높이(정면)
curb,image16_jpg.rf.449652db72d346f69094529c2b36069e.jpg,valid,0.195,-9.4,0.477,눈높이(정면)
curb,image188_jpg.rf.13dade4ebbc8f224d3b72aa7910c2d5f.jpg,valid,0.373,6.6,0.62,고각도(내려다봄)
curb,image314_jpg.rf.af381b9443f062bcbfc3cdfda7df0a24.jpg,valid,0.335,3.2,0.184,눈높이(정면)
curb,image55_jpg.rf.6f1d1ed7fde97658fa596423ab10798a.jpg,valid,0.856,50.0,0.515,고각도(내려다봄)
curb,image551_jpg.rf.630602d7942d7302325251111da7d81e.jpg,valid,0.542,21.8,0.0,눈높이(정면)
curb,image683_jpg.rf.3fabdb084083feb0342102cbbaedb47b.jpg,valid,0.32,1.8,0.477,눈높이(정면)
curb,image123_jpg.rf.d52540bab5aa64b3ea4596c204a60e32.jpg,valid,0.285,-1.3,0.48,눈높이(정면)
curb,1cae4b0268936ef398592502930e9421_jpg.rf.a0cb7455487be1ac13766957cf230403.jpg,valid,0.526,20.3,0.859,고각도(내려다봄)
curb,image369_jpg.rf.698160fe6dd43dc9b0831a9a5c75f8e7.jpg,valid,0.134,-14.9,0.663,고각도(내려다봄)
curb,image201_jpg.rf.68bf00713f494cf30ba8a0bd89e794e6.jpg,valid,0.352,4.7,0.015,눈높이(정면)
curb,image694_jpg.rf.4c0ec30aeb947911ac8c13467171e5c5.jpg,valid,0.816,46.5,0.617,고각도(내려다봄)
curb,image162_jpg.rf.9c81bcb9f07420689e7402aa55a4cb6b.jpg,valid,0.33,2.7,0.603,고각도(내려다봄)
curb,image85_jpg.rf.76d7113062ce7fe879010625192ebc5b.jpg,valid,0.167,-12.0,0.43,눈높이(정면)
curb,image199_jpg.rf.59af463807a14e6f3a294d71b304bc1b.jpg,valid,0.164,-12.2,0.336,눈높이(정면)
curb,image31_jpg.rf.29cce91e642fcf81f4ccca001b630406.jpg,valid,0.773,42.5,0.501,고각도(내려다봄)
curb,image4_jpg.rf.03f7ccfae7798f1b64898d5afc385325.jpg,valid,0.498,17.9,0.322,눈높이(정면)
curb,image519_jpg.rf.df6c505181c5e73a37e035fb84da948a.jpg,valid,0.529,20.6,0.505,고각도(내려다봄)
curb,0afd426591d1f15d9b2e7fdec9be51c8_jpg.rf.2958bf3bd990f121110da1ad6f2d04a5.jpg,valid,0.695,35.6,0.944,고각도(내려다봄)
curb,image44_jpg.rf.4631d967245cf2624294c1f409b850fc.jpg,valid,0.234,-6.0,0.5,고각도(내려다봄)
curb,image39_jpg.rf.6e1ec4ac81ff50685ae5953a005202fd.jpg,valid,0.47,15.3,0.23,눈높이(정면)
curb,image19_jpg.rf.75d409db122e245f2507470c8d3e6795.jpg,valid,0.887,52.8,0.451,눈높이(정면)
curb,image607_jpg.rf.94ca823304595e311fb07261be84e38f.jpg,valid,0.796,44.6,0.022,눈높이(정면)
curb,image649_jpg.rf.631f51347f2a5a912f6706fe8b8f0a73.jpg,valid,0.533,21.0,0.56,고각도(내려다봄)
curb,image543_jpg.rf.09342b43835c3bf18cc1310d3a10827c.jpg,valid,0.155,-13.1,0.285,눈높이(정면)
curb,image151_jpg.rf.f91e7ebc316dce51e51eeddedf898ec6.jpg,valid,0.325,2.3,0.289,눈높이(정면)
curb,image266_jpg.rf.ab73f7c59d5b9c687e55e8c365a5d181.jpg,valid,0.159,-12.7,0.541,고각도(내려다봄)
curb,image429_jpg.rf.5a2bcf8064671d1a9b617187e671bbb7.jpg,valid,0.171,-11.6,0.476,눈높이(정면)
curb,image343_jpg.rf.7adaeeebccdd2383e35ec60bd5305a1b.jpg,valid,0.507,18.6,0.333,눈높이(정면)
curb,e0d104a233d2ab6efcadf3fb2a3e370_jpg.rf.2209002688acb634e2316860c157f75b.jpg,valid,0.552,22.6,0.532,고각도(내려다봄)
curb,image525_jpg.rf.da2655badf6734fe65ae7401f56f432b.jpg,valid,0.441,12.7,0.263,눈높이(정면)
curb,image55_jpg.rf.3b179942fb1aad72d822b9941665a402.jpg,valid,0.499,17.9,0.0,눈높이(정면)
curb,image109_jpg.rf.5e61fcdf9f8055538b7155d019089c9a.jpg,valid,0.175,-11.2,0.5,눈높이(정면)
curb,0a3150489ee8d9db4a080ece8f7a9af4_jpg.rf.b7c29d897b16a570f268075f8095d037.jpg,valid,0.656,32.1,0.832,고각도(내려다봄)
curb,image539_jpg.rf.9e6fd1709e7b345282749bead4ee466d.jpg,valid,0.082,-19.6,0.401,눈높이(정면)
curb,image31_jpg.rf.bc5a2d268246d1a436c64e58958e99e4.jpg,valid,0.245,-4.9,0.776,고각도(내려다봄)
curb,e0d104a233d2ab6efcadf3fb2a3e370_jpg.rf.ea49ced40647569f9ab586644a2eed0e.jpg,valid,0.725,38.2,0.545,고각도(내려다봄)
curb,image76_jpg.rf.31b261c152e867d76af133e08878d86e.jpg,valid,0.392,8.3,0.412,눈높이(정면)
curb,image80_jpg.rf.4eb8e13fd5a1f2d2c1e858393d997e90.jpg,valid,0.727,38.4,0.749,고각도(내려다봄)
curb,image638_jpg.rf.c851a3458c3ce54213d44c271746714b.jpg,valid,0.729,38.6,0.328,눈높이(정면)
curb,image672_jpg.rf.c52dbc12f497722bf06a9333c601e97d.jpg,valid,0.17,-11.7,0.399,눈높이(정면)
curb,image71_jpg.rf.cf02a9550451f1caa0e221b8f315d932.jpg,valid,0.82,46.8,0.058,눈높이(정면)
curb,image480_jpg.rf.09560bf56ed8aaa0421db2d321db46f6.jpg,valid,0.452,13.6,0.446,눈높이(정면)
curb,image701_jpg.rf.1d65e0ec651f8b094a27cc4fc69d9770.jpg,valid,0.436,12.2,0.477,눈높이(정면)
curb,image437_jpg.rf.c941691d605be16fd11736b58995094f.jpg,valid,0.423,11.0,0.558,고각도(내려다봄)
curb,image11_jpg.rf.61e488eb357a32d89a359af1041b4109.jpg,valid,0.761,41.5,0.377,눈높이(정면)
curb,image23_jpg.rf.7a9f079051380a462822d43222ac3831.jpg,valid,0.733,39.0,0.448,눈높이(정면)
curb,image114_jpg.rf.cb6abffbdcc663045c25e3d17e806a58.jpg,valid,0.139,-14.5,0.424,눈높이(정면)
curb,image525_jpg.rf.85f1b20567a10742c29da9f78e6c698c.jpg,valid,0.498,17.9,0.319,눈높이(정면)
curb,image704_jpg.rf.fe6fbcc2af1844cae73fb899857d9cc5.jpg,valid,0.661,32.4,0.442,눈높이(정면)
curb,image693_jpg.rf.bcb98897ef07ed7ecb6dd727d0560264.jpg,valid,0.788,43.9,0.486,눈높이(정면)
curb,image230_jpg.rf.303667bd461a7c4cbad7edd18607a952.jpg,valid,0.71,36.9,0.432,눈높이(정면)
curb,image71_jpg.rf.196036cfc6fdb68db33b492b2e09f8c4.jpg,valid,0.452,13.7,0.506,고각도(내려다봄)
curb,image279_jpg.rf.71d537baddf104b66a2c4a561251fa89.jpg,valid,0.652,31.7,0.596,고각도(내려다봄)
curb,image552_jpg.rf.6005933e4b47e9d10af954a557bd70bf.jpg,valid,0.514,19.3,0.372,눈높이(정면)
curb,image597_jpg.rf.05ee780c31195464452cc288e52d9cb7.jpg,valid,0.906,54.6,1.0,고각도(내려다봄)
curb,image393_jpg.rf.fa1178d57e7623ec4d2eeecf274c6ec3.jpg,valid,0.101,-17.9,0.331,눈높이(정면)
curb,image370_jpg.rf.dbe6d33ca178159ce00d11891546fe92.jpg,valid,0.364,5.8,0.415,눈높이(정면)
curb,image647_jpg.rf.0918b69deb16f0c9cd4a10b512e14f77.jpg,valid,0.236,-5.8,0.0,눈높이(정면)
curb,curb2_jpg.rf.103d15ffd0581376303c444a769b0759.jpg,valid,0.195,-9.5,0.409,눈높이(정면)
curb,image121_jpg.rf.565d76cdfb30d37cb81ba60a0a2af579.jpg,valid,0.42,10.8,0.498,눈높이(정면)
curb,0f0c800b965bfb7128da19cf336b0f32_jpg.rf.cdfdad16e347d4778f0f288069ce9dd5.jpg,valid,0.523,20.1,0.736,고각도(내려다봄)
curb,image262_jpg.rf.d4a5b2c086476d14511498400cefcdfa.jpg,valid,0.775,42.8,0.486,눈높이(정면)
curb,image154_jpg.rf.50d89faa197e58362e04e61c2cd496bb.jpg,valid,0.2,-9.0,0.423,눈높이(정면)
curb,image688_jpg.rf.65cf4e454364ecce9039dc28091a684f.jpg,valid,0.406,9.6,0.906,고각도(내려다봄)
curb,image351_jpg.rf.ba2668ba653234c9e33e7cb8a5d79377.jpg,valid,0.419,10.7,0.588,고각도(내려다봄)
curb,image244_jpg.rf.04db3a437976d6697e38b1ecd2070413.jpg,valid,0.825,47.2,0.517,고각도(내려다봄)
curb,image524_jpg.rf.b1c911ec54c51bc8c82104b95954e718.jpg,valid,0.888,52.9,0.0,눈높이(정면)
curb,image53_jpg.rf.6fc217188dafa07f798c73e0d4dd34be.jpg,valid,0.448,13.3,0.44,눈높이(정면)
curb,7e8e486c7a080dac6e9dfd4fe486189_jpg.rf.040b0f228d45adefdf3f68256cd32139.jpg,valid,0.468,15.1,0.638,고각도(내려다봄)
curb,image164_jpg.rf.79b69b5cd9c0c3c9653490fff234ad52.jpg,valid,0.658,32.2,0.43,눈높이(정면)
curb,image257_jpg.rf.938da7aac6371937d5ec02e5c4b22059.jpg,valid,0.298,-0.2,0.59,고각도(내려다봄)
curb,d5af76b2b5c3f536ddc42602e180ac1_jpg.rf.f0723b5ce5484554070e6bec71e4ceb4.jpg,valid,0.126,-15.7,0.562,고각도(내려다봄)
curb,image463_jpg.rf.1381f775d509431a272e8b35ebc32670.jpg,valid,0.163,-12.3,0.267,눈높이(정면)
curb,image131_jpg.rf.cb3682b8f91bcaa07bdbb849f4413694.jpg,valid,0.202,-8.8,0.438,눈높이(정면)
curb,image101_jpg.rf.59d45a22f1b0e60da5eececfdd0ab454.jpg,valid,0.845,49.1,0.414,눈높이(정면)
curb,image344_jpg.rf.e7a6f55f6cbae30f01b5df18bf59f2c9.jpg,valid,0.218,-7.4,0.449,눈높이(정면)
curb,image60_jpg.rf.7fdac66296d128a4e7fee9beb54e818b.jpg,valid,0.725,38.2,0.642,고각도(내려다봄)
curb,image140_jpg.rf.6a86f45f871819163983572f258450a8.jpg,valid,0.209,-8.2,0.381,눈높이(정면)
curb,image705_jpg.rf.7648dae511efd5717e17dd80bc0f1b53.jpg,valid,0.148,-13.7,0.303,눈높이(정면)
curb,image683_jpg.rf.7d68c95a57a468d2cb41d9811e7e27d8.jpg,valid,0.275,-2.2,0.477,눈높이(정면)
curb,image291_jpg.rf.80ca1292880d6a6f1d26f0190135352c.jpg,valid,0.95,58.5,0.462,눈높이(정면)
curb,0eefed5a82dd50ee74cb5f46e13060b6_jpg.rf.a37f1825b6e163107f22b29975a18daa.jpg,valid,0.637,30.3,0.957,고각도(내려다봄)
curb,image602_jpg.rf.a04be93dca3cf4d6a9a7353fa4af36f0.jpg,valid,0.302,0.1,0.399,눈높이(정면)
curb,image162_jpg.rf.e3c826fa545e4b5fa3d400d748a896ce.jpg,valid,0.387,7.8,0.677,고각도(내려다봄)
curb,image548_jpg.rf.dcce4c3622afd9c3a0cdaecda93a6647.jpg,valid,0.248,-4.7,0.458,눈높이(정면)
curb,image341_jpg.rf.0f64021549290d1a868bc6badabc2c88.jpg,valid,0.327,2.4,0.536,고각도(내려다봄)
curb,image34_jpg.rf.0c4d2b0c8c6120121a0c22e2e228857d.jpg,valid,0.503,18.3,0.498,눈높이(정면)
curb,image539_jpg.rf.fab7233c4bd7c37ce2f64afa4d40705c.jpg,valid,0.059,-21.7,0.402,눈높이(정면)
curb,image291_jpg.rf.027747f93b54906389ec274065cfce73.jpg,valid,0.7,36.0,0.442,눈높이(정면)
curb,image609_jpg.rf.28d3424ed285ed7969de51a38ab4234c.jpg,valid,0.152,-13.4,0.557,고각도(내려다봄)
curb,image516_jpg.rf.c0b46dade8537cd4cfaea06f8cd64c4e.jpg,valid,0.222,-7.0,0.487,눈높이(정면)
curb,image322_jpg.rf.fc8b35e29bd85b95bbc32b061f292ded.jpg,valid,0.073,-20.5,0.982,고각도(내려다봄)
curb,curb11_jpg.rf.9601d2636313f4c1443343ec68e1a5f3.jpg,valid,0.144,-14.1,0.361,눈높이(정면)
curb,image623_jpg.rf.146bc498f6ea068681ae59c065f249e5.jpg,valid,0.115,-16.7,0.456,눈높이(정면)
curb,image410_jpg.rf.8ea831b00c460f436ff7f566908c3953.jpg,valid,0.435,12.1,0.5,고각도(내려다봄)
curb,image410_jpg.rf.000d22bf94a59e51574793c6b39a32ba.jpg,valid,0.105,-17.6,0.508,고각도(내려다봄)
curb,image340_jpg.rf.c67ef7b33c10c2095c54f37ed9254a95.jpg,valid,0.373,6.6,0.357,눈높이(정면)
curb,image259_jpg.rf.235758f47dd0257707592394d17e472c.jpg,valid,,,0.445,눈높이(정면)
curb,image147_jpg.rf.2e2b3a1ef8c07b780204436dfda17c5a.jpg,valid,0.572,24.5,0.266,눈높이(정면)
curb,image558_jpg.rf.cb69520fb303b694d9f586243d0485d5.jpg,valid,0.153,-13.2,0.487,눈높이(정면)
curb,image605_jpg.rf.ae8a92fc3f146db994c059903b289815.jpg,valid,0.536,21.3,0.507,고각도(내려다봄)
curb,image38_jpg.rf.e32f429af480c3b41464732ef56610f2.jpg,valid,0.641,30.7,0.522,고각도(내려다봄)
curb,image642_jpg.rf.afc6c68f1f7557f082d8308e8051a73b.jpg,valid,0.63,29.7,0.43,눈높이(정면)
curb,image516_jpg.rf.f3ba28900258518fcf1817a873938238.jpg,valid,0.227,-6.6,0.484,눈높이(정면)
curb,image1_jpg.rf.0fa6a0367cdcf333374183c94cc3ca97.jpg,valid,0.478,16.0,0.438,눈높이(정면)
curb,image631_jpg.rf.655ad4267d613cbf8afc02de12cea6ef.jpg,valid,0.341,3.7,0.0,눈높이(정면)
curb,0eda74183508463fc0051e918865b1c5_jpg.rf.b41282cf1722eba1855d86baba8900b1.jpg,valid,,,0.957,고각도(내려다봄)
curb,image44_jpg.rf.d8a2cfb1b8cd7484f909eb1b872416a3.jpg,valid,0.536,21.3,0.415,눈높이(정면)
curb,image401_jpg.rf.013c93077ea7b6447ad27f39e51e8e06.jpg,valid,0.662,32.6,0.333,눈높이(정면)
curb,curb11_jpg.rf.a6522828f9645f80986043f99e9dfd8c.jpg,valid,0.137,-14.7,0.367,눈높이(정면)
curb,image122_jpg.rf.bf787c4af5531734ba8f8a264f2c75e8.jpg,valid,0.492,17.3,0.523,고각도(내려다봄)
curb,image370_jpg.rf.b2b91a938a1758f24a548ae8866e58ac.jpg,valid,0.365,5.8,0.4,눈높이(정면)
curb,0f35efdc158ae258705c38411f643d7c_jpg.rf.ea9a0941d1d27696d9c97d8581b5d87c.jpg,valid,0.528,20.5,0.844,고각도(내려다봄)
curb,image371_jpg.rf.f43b616997e88376aed8b8a0da5a41d5.jpg,valid,0.184,-10.4,1.0,고각도(내려다봄)
curb,image703_jpg.rf.facf9a15f2ae8b6739e66df1393b1255.jpg,valid,0.417,10.5,0.43,눈높이(정면)
curb,image185_jpg.rf.f1d0a56f71414c825b89c04fafdde7ad.jpg,valid,0.875,51.7,0.428,눈높이(정면)
curb,image706_jpg.rf.f8ddd15bd21c75cbc7e75ee3028fcf22.jpg,valid,0.684,34.5,0.466,눈높이(정면)
curb,image25_jpg.rf.6a91863dc91c66e051c4ebe998712091.jpg,valid,0.075,-20.2,0.535,고각도(내려다봄)
curb,image254_jpg.rf.5f4ed169c11a488ed74422537daaa1a0.jpg,valid,0.661,32.5,0.32,눈높이(정면)
curb,image234_jpg.rf.1930bfb2e5244e3c156124aae05eb273.jpg,valid,0.264,-3.2,0.462,눈높이(정면)
curb,image153_jpg.rf.f7af9ecdcf19e466b8a1969005ddc2a5.jpg,valid,0.536,21.2,0.457,눈높이(정면)
curb,image16_jpg.rf.dbb40e57a1d02388735ee0e1d0cc90bb.jpg,valid,0.061,-21.5,0.493,눈높이(정면)
curb,image168_jpg.rf.9b4f40dcb234a748df393a3e0e2a2229.jpg,valid,0.839,48.5,0.431,눈높이(정면)
curb,image634_jpg.rf.838571494f6dfd116e2476673cfec2d2.jpg,valid,0.482,16.4,0.386,눈높이(정면)
curb,image255_jpg.rf.e11c889fcfa4cf41b32b5eb669aa34b9.jpg,valid,0.279,-1.9,0.431,눈높이(정면)
curb,image90_jpg.rf.86fdc48422edbb052a553853f4ff6e45.jpg,valid,0.25,-4.5,0.52,고각도(내려다봄)
curb,image390_jpg.rf.64637870d9bd00a959a9bd045575c073.jpg,valid,0.736,39.2,0.201,눈높이(정면)
curb,image8_jpg.rf.85e3374c2c84a91e977bcc1c819ddacf.jpg,valid,0.252,-4.3,0.396,눈높이(정면)
curb,image268_jpg.rf.447e852ca024952047d662992af82697.jpg,valid,0.173,-11.4,0.388,눈높이(정면)
curb,image469_jpg.rf.86d4d2a95d9db9c47d8a32a70e02f9d1.jpg,valid,0.159,-12.7,0.358,눈높이(정면)
curb,image155_jpg.rf.506aad817b36de2e6e38ee112b09f153.jpg,valid,0.248,-4.7,0.507,고각도(내려다봄)
curb,image433_jpg.rf.782fce5408a256a7ce27d278af16dd0b.jpg,valid,0.422,11.0,0.573,고각도(내려다봄)
curb,image315_jpg.rf.d0856221cf4beb6722999823e43c79a5.jpg,valid,0.089,-19.0,0.695,고각도(내려다봄)
curb,image106_jpg.rf.8715d1b3f24e542d0af9fc146b3f72e7.jpg,valid,0.511,18.9,0.424,눈높이(정면)
curb,image77_jpg.rf.b04de87523bd9fa6d77a823a00e49690.jpg,valid,0.656,32.1,0.845,고각도(내려다봄)
curb,image519_jpg.rf.b6ea5bcf62689171274f459844975b48.jpg,valid,0.171,-11.6,0.531,고각도(내려다봄)
curb,image22_jpg.rf.22744c9bbf50ea6cfeaa421f19d0f4c5.jpg,valid,0.644,30.9,0.257,눈높이(정면)
curb,image24_jpg.rf.5afa857fd121503b50b7c031ec5e4a85.jpg,valid,0.161,-12.5,1.0,고각도(내려다봄)
curb,image37_jpg.rf.4e4b6e3bdaf04f313cb8c186dc610115.jpg,valid,0.675,33.7,0.447,눈높이(정면)
curb,image426_jpg.rf.33b315a80bfd7a78c04abbb65313d7ec.jpg,valid,0.857,50.1,0.379,눈높이(정면)
curb,image597_jpg.rf.366857588679ed43803aafd5ed1c3315.jpg,valid,0.884,52.6,1.0,고각도(내려다봄)
curb,image6_jpg.rf.318d0d846068685fe005b5ff4bcaa7d3.jpg,valid,0.313,1.2,0.505,고각도(내려다봄)
curb,image686_jpg.rf.b1e88102560870ac1f82a68d94c1f5fa.jpg,valid,0.262,-3.4,0.52,고각도(내려다봄)
curb,image57_jpg.rf.a2361ca293485eab0a98ab9e29421106.jpg,valid,0.36,5.4,0.526,고각도(내려다봄)
curb,image157_jpg.rf.12a9cbdb410a13f69701db9ddf7cec22.jpg,valid,0.778,43.0,0.375,눈높이(정면)
curb,image77_jpg.rf.58f25c190aa04dcc88247c54a25eeb3d.jpg,valid,0.086,-19.3,0.773,고각도(내려다봄)
curb,image155_jpg.rf.20f3ae75acaaef7ae841a2359444d724.jpg,valid,0.717,37.5,0.504,고각도(내려다봄)
curb,image566_jpg.rf.ef34b37372046068cfc1c0b0eb8aa561.jpg,valid,0.37,6.3,0.267,눈높이(정면)
curb,image295_jpg.rf.221b1ada322c0fa4997f5d3c20807eab.jpg,valid,0.073,-20.5,0.417,눈높이(정면)
curb,image522_jpg.rf.41a585f1372a6a9ad64b469bcac3b825.jpg,valid,0.416,10.4,0.437,눈높이(정면)
curb,image132_jpg.rf.4616194de852b8d92a68e07361eea269.jpg,valid,0.332,2.9,0.491,눈높이(정면)
curb,image376_jpg.rf.8e93992c45ca48b91ed2a5e664cdd74c.jpg,valid,0.151,-13.4,0.573,고각도(내려다봄)
curb,image59_jpg.rf.84aa91f9f3d7fa1d3bb547c0ea0d7a8a.jpg,valid,0.182,-10.6,0.691,고각도(내려다봄)
curb,image237_jpg.rf.a6f02939ce63c2dc73929f8a4675a197.jpg,valid,0.201,-8.9,0.495,눈높이(정면)
curb,image190_jpg.rf.3248cf96b6dc597fa6bc545d35786b9d.jpg,valid,0.26,-3.6,0.498,눈높이(정면)
curb,image57_jpg.rf.9b893022a131e9e13c366fe69b87f800.jpg,valid,0.49,17.1,0.544,고각도(내려다봄)
curb,image66_jpg.rf.f79cbf25ea1edb6b94f280be99095467.jpg,valid,0.198,-9.1,0.427,눈높이(정면)
curb,image551_jpg.rf.27b90250ef49a5f83f989568253c005d.jpg,valid,0.359,5.3,0.0,눈높이(정면)
curb,image632_jpg.rf.bf8e5d345ac7757e2ecc8f2ea8860fcc.jpg,valid,0.633,30.0,0.535,고각도(내려다봄)
curb,image555_jpg.rf.74cc0be4e76ea1cf7ef068329e91bc9b.jpg,valid,0.478,16.0,0.375,눈높이(정면)
curb,image705_jpg.rf.00fc73523ba9f06aff4c3b2c1dbdd771.jpg,valid,0.321,1.9,0.296,눈높이(정면)
curb,image66_jpg.rf.fa089f9a0247f9553c42fd1a52329519.jpg,valid,0.258,-3.8,0.421,눈높이(정면)
curb,curb14_jpg.rf.dfcb5ff933286762f6c362ab4ec5b9d6.jpg,valid,0.322,2.0,0.436,눈높이(정면)
curb,image366_jpg.rf.9f909bd03878da3c02f07081b0457848.jpg,valid,0.512,19.1,0.568,고각도(내려다봄)
curb,b090e7b94f80676aca58e5a9962c786_jpg.rf.4e8931437b5061493454e73c00941bc1.jpg,valid,0.476,15.9,0.658,고각도(내려다봄)
curb,image651_jpg.rf.a16fd8beda6e9d6f5938dc21670f3aa7.jpg,valid,0.755,40.9,0.374,눈높이(정면)
curb,image651_jpg.rf.e4de18cf06770676ae8983b7a488e8c4.jpg,valid,0.519,19.7,0.758,고각도(내려다봄)
curb,image345_jpg.rf.8565949ee2cb1303979b0ab999c2df50.jpg,valid,0.245,-4.9,0.336,눈높이(정면)
curb,image56_jpg.rf.47e2ec1e95c4b90346e340f325c8727d.jpg,valid,0.325,2.3,0.723,고각도(내려다봄)
curb,image537_jpg.rf.48aae6a9ebc1ba57f94acaa6d43d94e2.jpg,valid,0.213,-7.8,0.534,고각도(내려다봄)
curb,image520_jpg.rf.52607f2a1fc9cc552886bfaefeb54abf.jpg,valid,0.154,-13.1,0.323,눈높이(정면)
curb,image93_jpg.rf.41461bd0b81591eb6bc1a34a36d98b08.jpg,valid,0.235,-5.8,0.513,고각도(내려다봄)
curb,image645_jpg.rf.f8711da29d38d36d5728f9d0eedf1c76.jpg,valid,0.851,49.6,0.359,눈높이(정면)
curb,image434_jpg.rf.08d97f0fe8c4c0ae508e5a029171b905.jpg,valid,0.656,32.0,0.982,고각도(내려다봄)
curb,image135_jpg.rf.4c99b8f1b9bfeee2a4c147d005e2c59f.jpg,valid,0.242,-5.2,0.613,고각도(내려다봄)
curb,d0ea559176e7af941d25859f5340282_jpg.rf.b6c7cd15915c0639126dabab145ad758.jpg,valid,0.432,11.9,0.6,고각도(내려다봄)
curb,image547_jpg.rf.5d2015d99cd882ad7d332f8fc06e33e2.jpg,valid,0.736,39.2,0.496,눈높이(정면)
curb,image40_jpg.rf.d585b73bf7c9ff1a7d31eb8e320a1630.jpg,valid,0.517,19.5,0.682,고각도(내려다봄)
curb,05a4bd84894f121e5a39143092c4087_jpg.rf.d18e839dbcc244c72f429828ca70b68d.jpg,valid,0.17,-11.7,0.392,눈높이(정면)
curb,image384_jpg.rf.e3ba215ffee4a4ec14b2130133ba0ff0.jpg,valid,0.275,-2.2,0.027,눈높이(정면)
curb,image312_jpg.rf.8de0afe70f61e17b2224cabb034fbbb5.jpg,valid,0.514,19.3,0.558,고각도(내려다봄)
curb,image676_jpg.rf.bf6dbce2d0c2226ceb31c586cae583f5.jpg,valid,0.747,40.2,0.558,고각도(내려다봄)
curb,image30_jpg.rf.a90e89c0986c97729ef786596f375cf9.jpg,test,0.309,0.8,0.307,눈높이(정면)
curb,image33_jpg.rf.861cc2547a5abb03c9067babf5ca65a3.jpg,test,0.54,21.6,0.388,눈높이(정면)
curb,image84_jpg.rf.30ce6a9d4e2044bda54d87e19139311f.jpg,test,0.077,-20.0,0.853,고각도(내려다봄)
curb,image57_jpg.rf.8bde53b40a990434ff9e8da0a9a7894b.jpg,test,0.884,52.6,0.96,고각도(내려다봄)
curb,image122_jpg.rf.8a328b1f9df1ddf3924681e519d14bf6.jpg,test,0.489,17.0,0.516,고각도(내려다봄)
curb,image168_jpg.rf.045e0603e064d6e4b0af5e74c9bfce92.jpg,test,0.662,32.6,0.443,눈높이(정면)
curb,image690_jpg.rf.b35067550bd96faa8a57542f5642db04.jpg,test,0.129,-15.4,0.419,눈높이(정면)
curb,bb6ad167cfc93430f127bf650d8ffb3_jpg.rf.4da0b4475c23104fba27e2875f8d0ec3.jpg,test,0.335,3.2,0.622,고각도(내려다봄)
curb,image401_jpg.rf.f5f29cb230e311eb166719d8a37c043b.jpg,test,0.586,25.8,0.339,눈높이(정면)
curb,image75_jpg.rf.291e90e6ca7fff9c1d23321f854dc352.jpg,test,0.451,13.6,1.0,고각도(내려다봄)
curb,image53_jpg.rf.ff307991c9b31daf0b65ba46e0c9ba9d.jpg,test,0.646,31.1,0.442,눈높이(정면)
curb,image1_jpg.rf.4a2d3e03caa1821c45c2dee1d31076ca.jpg,test,0.332,2.9,0.435,눈높이(정면)
curb,image355_jpg.rf.68fd49bd7db18f63a0361f4463e98438.jpg,test,0.9,54.0,0.506,고각도(내려다봄)
curb,image77_jpg.rf.b5df7a290a9ba00d6e9960408f7ac33a.jpg,test,0.357,5.1,1.0,고각도(내려다봄)
curb,image13_jpg.rf.52d7ed1f123233e21fb46db2deb7cb72.jpg,test,0.663,32.7,0.647,고각도(내려다봄)
curb,image39_jpg.rf.0c997c7c02091226949ab5741dd6b8ce.jpg,test,0.164,-12.2,0.195,눈높이(정면)
curb,image693_jpg.rf.6d88e2bfe786e07d7d06447098bc9e65.jpg,test,0.852,49.7,0.457,눈높이(정면)
curb,image503_jpg.rf.64f1e03eae104f3518cb0efd88f6ef84.jpg,test,0.509,18.8,0.473,눈높이(정면)
curb,image649_jpg.rf.776b2564f68b9bcb1710e3641e1f9bd1.jpg,test,0.604,27.4,0.564,고각도(내려다봄)
curb,image295_jpg.rf.f5922b9d10270fb6d14007fd6cc98b4c.jpg,test,0.088,-19.1,0.412,눈높이(정면)
curb,image242_jpg.rf.7b2864379524a3e4a7b835490eeb9c12.jpg,test,0.66,32.4,0.374,눈높이(정면)
curb,image351_jpg.rf.4a7e4f495903b488e1f00742c7d59b28.jpg,test,0.402,9.1,0.587,고각도(내려다봄)
curb,1c6d27b9971ac8587ffc1c4b7527b82e_jpg.rf.f1573a055baf1a55cbf9f5d5be412e36.jpg,test,0.618,28.6,0.717,고각도(내려다봄)
curb,image365_jpg.rf.f4b800e97bdcb23e96a3eb005b9992f6.jpg,test,0.09,-18.9,0.292,눈높이(정면)
curb,image663_jpg.rf.4c74dc75f83c100118942db79bdf3dae.jpg,test,0.105,-17.5,0.435,눈높이(정면)
curb,image549_jpg.rf.6e33ea91c8a23943a05949e4d0dc4fbe.jpg,test,0.088,-19.1,0.129,눈높이(정면)
curb,image4_jpg.rf.850c77f8e3c7c2ae272b2c16bb542949.jpg,test,0.362,5.6,0.326,눈높이(정면)
curb,image264_jpg.rf.9ac904395debc6ef88254de4a9a0c317.jpg,test,0.585,25.7,0.437,눈높이(정면)
curb,image69_jpg.rf.105a33bfcf4fcce8e73cff0e6bff4e87.jpg,test,0.596,26.6,0.59,고각도(내려다봄)
curb,image279_jpg.rf.f38d46e859005086df8140a338fb7415.jpg,test,0.89,53.1,0.597,고각도(내려다봄)
curb,image42_jpg.rf.673b1532ebc91393992d9644b8712799.jpg,test,0.642,30.8,0.306,눈높이(정면)
curb,image13_jpg.rf.cef60ba02708df6538d3d028eb85cf0a.jpg,test,0.759,41.3,0.675,고각도(내려다봄)
curb,image585_jpg.rf.ffc7e19f6e35af5de0a5cbfaf3248c70.jpg,test,0.346,4.1,0.565,고각도(내려다봄)
curb,image261_jpg.rf.aa28fbe4e6981f0bccbfc79fdb0cecd1.jpg,test,0.305,0.4,0.775,고각도(내려다봄)
curb,image450_jpg.rf.103d48df50c3f6e57060cff85f3efb68.jpg,test,0.373,6.6,0.678,고각도(내려다봄)
curb,image147_jpg.rf.dcf648513557ea97a36782334558e5f3.jpg,test,0.65,31.5,0.27,눈높이(정면)
curb,image675_jpg.rf.27f560ea914df8c01cf8ea35e2d119a7.jpg,test,0.37,6.3,0.592,고각도(내려다봄)
curb,image153_jpg.rf.9ef35a889a65611154b1980d1f5cd1c8.jpg,test,0.528,20.5,0.501,고각도(내려다봄)
curb,image445_jpg.rf.67a0eb5a8b2b6bdfb5b9a1e8c64d5766.jpg,test,0.63,29.7,0.517,고각도(내려다봄)
curb,0edcc4e659abed53815d8ba7ec2cbe7a_jpg.rf.c4ec82a630757274ed02c512cedf1eff.jpg,test,0.696,35.6,0.972,고각도(내려다봄)
curb,image61_jpg.rf.340b962eb405d2e6e0cb9da67a14519f.jpg,test,0.182,-10.6,0.909,고각도(내려다봄)
curb,image356_jpg.rf.c3965c3520a52f9297fde0224b1bf65e.jpg,test,0.906,54.5,0.526,고각도(내려다봄)
curb,image261_jpg.rf.69c0071afb703ce7035a027cf837c45c.jpg,test,0.315,1.3,0.769,고각도(내려다봄)
curb,image19_jpg.rf.18ee5062f2a7103b2647a3dcac411f64.jpg,test,0.833,48.0,0.437,눈높이(정면)
curb,image268_jpg.rf.5027a5041dd875d0d3ba970600459ced.jpg,test,0.145,-14.0,0.386,눈높이(정면)
curb,image71_jpg.rf.8d8f8813095546f8b6d3087692137ebc.jpg,test,0.456,14.1,0.592,고각도(내려다봄)
curb,image113_jpg.rf.2dbc159a7a097a65cb2028105ba04276.jpg,test,0.353,4.8,0.412,눈높이(정면)
curb,image306_jpg.rf.da45bb6171b475fbc44dcd3f2b13bf65.jpg,test,0.096,-18.4,0.554,고각도(내려다봄)
curb,image57_jpg.rf.4e20868ef7fa168ee703da1f93b29a23.jpg,test,0.423,11.1,0.554,고각도(내려다봄)
curb,e5794184bc539b22c9ef49a9b5a589a_jpg.rf.f3e1dc1df39e78f8a143dffc97b82a0a.jpg,test,0.678,34.0,0.348,눈높이(정면)
curb,image31_jpg.rf.440d696c8315f845728326529ce3bab9.jpg,test,0.884,52.6,0.648,고각도(내려다봄)
curb,image312_jpg.rf.901993dd5ef3e1a2cc3574fd52f5eab2.jpg,test,0.778,43.0,0.542,고각도(내려다봄)
curb,image148_jpg.rf.bae89047fe0b0d2a3107d407a86fe10b.jpg,test,0.571,24.4,0.564,고각도(내려다봄)
curb,image528_jpg.rf.e2b2d0924b93a9c75b3e6bfd44b0e080.jpg,test,0.333,3.0,0.42,눈높이(정면)
curb,image389_jpg.rf.cb84833d5a85fa2f07f5732f6e15a5d7.jpg,test,0.164,-12.3,0.562,고각도(내려다봄)
curb,image634_jpg.rf.048e2ef30fcb7e59676a6b027d5add2a.jpg,test,0.489,17.1,0.363,눈높이(정면)
curb,image72_jpg.rf.bf813f8334bac08358aa492529ca9440.jpg,test,0.137,-14.7,0.181,눈높이(정면)
curb,image671_jpg.rf.a918e5c55c4ea81670e3d060a49159c5.jpg,test,0.501,18.1,0.552,고각도(내려다봄)
curb,image97_jpg.rf.1d4cc3d5fe1073b9e6052432d071d14f.jpg,test,0.728,38.5,0.505,고각도(내려다봄)
curb,image256_jpg.rf.f805c8d44dfd50a9e5798e70e965803d.jpg,test,0.491,17.2,0.518,고각도(내려다봄)
curb,image19_jpg.rf.792d29a69c0f463b70d30447d5cb892a.jpg,test,0.5,18.0,0.419,눈높이(정면)
curb,1d0bd79c71427d22bc079651a289ef02_jpg.rf.3bc66ae30988cdad332d2d6b08a7bb93.jpg,test,0.488,16.9,,
curb,image685_jpg.rf.7988053319391189f24df0d9da3704a9.jpg,test,0.203,-8.7,0.505,고각도(내려다봄)
curb,image607_jpg.rf.c4a2d78cd46a5d09ea94b0861570ae5c.jpg,test,0.77,42.3,0.0,눈높이(정면)
curb,image406_jpg.rf.e88bd27eb38eca07f468466caf88ade3.jpg,test,0.194,-9.6,0.502,고각도(내려다봄)
curb,image190_jpg.rf.845a84bd95f819268d997c398c476c43.jpg,test,0.538,21.4,0.489,눈높이(정면)
curb,image53_jpg.rf.75b6f2bb18babf1839ea2c24a5dda5e8.jpg,test,0.265,-3.2,0.521,고각도(내려다봄)
curb,image84_jpg.rf.1dde11f235ead937688d1e407e7f5539.jpg,test,0.526,20.4,0.443,눈높이(정면)
curb,image300_jpg.rf.4c74d322317d36a84cae063fb47b51f2.jpg,test,0.143,-14.2,0.058,눈높이(정면)
curb,image55_jpg.rf.49102ff60d5896dd28762fdadf0c3a4d.jpg,test,0.134,-14.9,0.0,눈높이(정면)
curb,0a89796292c7e341de943cf8a632d41e_jpg.rf.65e653296ea687f55ef97c5e25903bce.jpg,test,0.13,-15.3,0.796,고각도(내려다봄)
curb,image179_jpg.rf.d1214adc4c79e73f675d42fcd7638839.jpg,test,0.364,5.8,0.445,눈높이(정면)
curb,image588_jpg.rf.aa5945190fb2bbfc9c404b96ab234adf.jpg,test,0.484,16.5,0.379,눈높이(정면)
curb,image182_jpg.rf.0d20294fdfb148b95c09aa7fbcaa53e5.jpg,test,0.786,43.7,0.523,고각도(내려다봄)
curb,65eaad5a990a0dacebdb6fdca02ba9a_jpg.rf.0421f0fa1c8b9b2fc2a67344f243fbd3.jpg,test,0.346,4.1,0.47,눈높이(정면)
curb,image186_jpg.rf.1f6bbe17fe421bf2065985bbbcd0c7fe.jpg,test,0.758,41.2,0.499,눈높이(정면)
curb,image387_jpg.rf.739a398c8682518e51655387aa6a9f21.jpg,test,0.667,33.0,0.75,고각도(내려다봄)
curb,image148_jpg.rf.47bde7c4bc200a0e2fb360cddeb9292e.jpg,test,0.541,21.7,0.563,고각도(내려다봄)
curb,image635_jpg.rf.d7da7e669685fc52de4cb9b2b0005a26.jpg,test,0.709,36.8,0.0,눈높이(정면)
curb,image656_jpg.rf.2665d8626512f4cf662199ecf84db86f.jpg,test,0.573,24.6,0.593,고각도(내려다봄)
curb,image116_jpg.rf.53eb951eb618b81fa74fb05fba64a08e.jpg,test,0.533,21.0,0.552,고각도(내려다봄)
curb,image603_jpg.rf.ff86e416d660a3f71b920a91d91fd1a5.jpg,test,0.835,48.1,0.588,고각도(내려다봄)
curb,image172_jpg.rf.2fdb6bae7c92cd5f103251fd9e0d70fe.jpg,test,0.805,45.4,0.705,고각도(내려다봄)
curb,image43_jpg.rf.f80a23f2940e1b51f7444bdedbad6dfc.jpg,test,0.828,47.5,0.239,눈높이(정면)
curb,3a8998da8fe4abd6cbecb12c6fc4753_jpg.rf.783d50e9f3ffbf4dfdf28818ec3a58eb.jpg,test,0.215,-7.7,0.432,눈높이(정면)
curb,0f02bf36f69ff6340008490531920bb3_jpg.rf.258061383384884ed5a653f8d2ab5c62.jpg,test,0.258,-3.8,0.519,고각도(내려다봄)
curb,image187_jpg.rf.4a733830abadb5ce2874fb765788cb03.jpg,test,0.373,6.5,0.395,눈높이(정면)
curb,image22_jpg.rf.413590b09ecb20ca539d0031b737ac9e.jpg,test,0.579,25.1,0.927,고각도(내려다봄)
curb,image66_jpg.rf.d024c78080fb405161f448f3c72f9982.jpg,test,0.72,37.8,1.0,고각도(내려다봄)
curb,image406_jpg.rf.2596bd573dc01de89f345e0729e0587f.jpg,test,0.185,-10.3,0.502,고각도(내려다봄)
curb,image488_jpg.rf.066c355f4c99d18e9a0ec96049a0fe93.jpg,test,0.195,-9.5,1.0,고각도(내려다봄)
curb,image52_jpg.rf.d7a6cd98813ae6b1b2333b418001f55c.jpg,test,0.132,-15.1,0.836,고각도(내려다봄)
curb,image30_jpg.rf.a6801d6a8d26765859463db891a2913e.jpg,test,0.098,-18.1,0.342,눈높이(정면)
curb,image288_jpg.rf.aa68ae311ad49732b99265a2901d0a45.jpg,test,0.246,-4.9,0.529,고각도(내려다봄)
curb,image235_jpg.rf.29dc6ace2255983c5ab853f91f5181c4.jpg,test,0.315,1.3,0.651,고각도(내려다봄)
curb,image633_jpg.rf.4c6220bc4aa8c96eb9ecb09cbaad26f8.jpg,test,0.36,5.4,0.544,고각도(내려다봄)
curb,image3_jpg.rf.1c9f74c2bd6c65e486e1fd647990e9eb.jpg,test,0.431,11.8,0.444,눈높이(정면)
curb,image164_jpg.rf.7a4a04b7bd0473116127bf2836c9140a.jpg,test,0.675,33.7,0.425,눈높이(정면)
curb,image59_jpg.rf.5b852e4758ef009cab371f296d75ce6e.jpg,test,0.676,33.8,0.421,눈높이(정면)
curb,image683_jpg.rf.c073d411fe1955d7cc21bd400356ee04.jpg,test,0.409,9.8,0.477,눈높이(정면)
curb,image42_jpg.rf.914f897b00c3a383544552182d855a74.jpg,test,0.51,18.9,0.331,눈높이(정면)
curb,image387_jpg.rf.1803558d8f382d4c697600508899c597.jpg,test,0.164,-12.2,0.921,고각도(내려다봄)
curb,image469_jpg.rf.00660ace6cc3cf763c99f18cf202db45.jpg,test,0.55,22.5,0.397,눈높이(정면)
curb,image503_jpg.rf.c51240baf9922702e2347f894fb976d9.jpg,test,0.746,40.2,0.473,눈높이(정면)
curb,image304_jpg.rf.7a2a7fe16a2d8d19c7693ea39a0f21a1.jpg,test,0.667,33.0,0.5,고각도(내려다봄)
curb,image486_jpg.rf.de1e602e8e10887a037a50ed1a883723.jpg,test,0.641,30.7,0.312,눈높이(정면)
curb,image45_jpg.rf.8d5d5ace3afb77575a37b280a7f51e05.jpg,test,0.135,-14.8,0.53,고각도(내려다봄)
curb,image298_jpg.rf.9c0e4fb79ae8731fabb4561b06cf12e0.jpg,test,0.845,49.0,0.978,고각도(내려다봄)
curb,curb12_jpg.rf.c3adb6436f229f544bad2170837faa2b.jpg,test,0.281,-1.7,0.542,고각도(내려다봄)
curb,image559_jpg.rf.b8b1997f346a4a4b1020fef459ef357b.jpg,test,0.74,39.6,0.472,눈높이(정면)
curb,image64_jpg.rf.dca9a170532cb5c5c9882a8262f368f3.jpg,test,0.545,22.0,0.467,눈높이(정면)
curb,image223_jpg.rf.f7a27f705b8f5df597cf327425bea545.jpg,test,0.315,1.3,0.535,고각도(내려다봄)
curb,image662_jpg.rf.7558ac5985427efb0fc6a548a91d407a.jpg,test,0.473,15.5,0.513,고각도(내려다봄)
curb,image623_jpg.rf.18ee2dbe31615e334d37a90a33501628.jpg,test,0.215,-7.7,0.466,눈높이(정면)
curb,image71_jpg.rf.24a042a8a061fd2d77995e8725bd4b54.jpg,test,0.667,33.0,0.492,눈높이(정면)
curb,image416_jpg.rf.03556c6fabeb98abe939bc38c4ccfdbc.jpg,test,0.464,14.8,0.528,고각도(내려다봄)
curb,image44_jpg.rf.97208316cc7753d0f45d4d4a85def5e4.jpg,test,0.686,34.7,0.416,눈높이(정면)
curb,image349_jpg.rf.fdda567e758e849b016cb5717aa58a76.jpg,test,0.245,-5.0,0.491,눈높이(정면)
curb,0f2af6c88ffebd3d6770cdda6bed656c_jpg.rf.8bc6f768edb1328cf7ff4964b2043776.jpg,test,0.616,28.4,0.83,고각도(내려다봄)
curb,curb3_jpeg_jpg.rf.490eb9f29c2a0b301e4138f62c381c2f.jpg,test,0.665,32.9,0.55,고각도(내려다봄)
curb,image51_jpg.rf.b5ff29ba42222a5900c0de7c0825724e.jpg,test,0.819,46.7,0.607,고각도(내려다봄)
curb,test_jpg.rf.7add2747779d40df4f826fb616452b06.jpg,test,0.552,22.7,0.957,고각도(내려다봄)
curb,image259_jpg.rf.4f64534db1a2373a27301d1f660eb32b.jpg,test,0.561,23.5,0.426,눈높이(정면)
curb,image171_jpg.rf.9944482bc14dc2d92dad3bc416cc5ce3.jpg,test,0.356,5.0,0.803,고각도(내려다봄)
curb,image21_jpg.rf.602e6f655e774ab960098c120a06d790.jpg,test,0.097,-18.3,0.923,고각도(내려다봄)
curb,image1_jpg.rf.4387b2833a072176464b2bf8e4113092.jpg,test,0.46,14.4,0.432,눈높이(정면)
stair,46_jpg.rf.34c366264a15fd47898e2d52eb73e640.jpg,train,0.68,34.2,0.9,고각도(내려다봄)
stair,405_jpg.rf.f268e4ba95a1ad036d0a6a6a8dc5a1ba.jpg,train,0.056,-21.9,0.177,눈높이(정면)
stair,115_jpg.rf.6bdbdb3c541847f3ce2567ebfd96481f.jpg,train,0.478,16.0,0.468,눈높이(정면)
stair,243_jpg.rf.992dcf3da142bfaf865de85bf96e594d.jpg,train,0.105,-17.6,0.999,고각도(내려다봄)
stair,116_jpg.rf.b3e280143e61109fab591b72d5abe977.jpg,train,0.328,2.5,0.555,고각도(내려다봄)
stair,267_jpg.rf.dd7b3845a4be818b8d4e90e22e1e87cc.jpg,train,0.58,25.2,0.715,고각도(내려다봄)
stair,461_jpg.rf.1687f7b5e82f3d0e915c99d3a0147a1f.jpg,train,0.509,18.8,0.997,고각도(내려다봄)
stair,110_jpg.rf.13c14552c1a2e95a85aaec72ba8c8aeb.jpg,train,0.172,-11.5,0.795,고각도(내려다봄)
stair,379_jpg.rf.02df49e678591c55abc961a3217ffb07.jpg,train,0.761,41.5,0.372,눈높이(정면)
stair,168_jpg.rf.9740701c0a2989dcfe042149e3461161.jpg,train,0.481,16.3,0.463,눈높이(정면)
stair,191_jpg.rf.b213cec0541a24c89877781c9abe9551.jpg,train,0.439,12.5,0.846,고각도(내려다봄)
stair,33_jpg.rf.13ff1d63ae861ad340698e9e8c8aa947.jpg,train,0.616,28.4,0.586,고각도(내려다봄)
stair,396_jpg.rf.8a47123bedc1312c3b34a51facedaf6d.jpg,train,0.458,14.2,0.479,눈높이(정면)
stair,335_jpg.rf.4df9dc180deaabc3f16ff9a7b5ae901e.jpg,train,0.354,4.9,0.56,고각도(내려다봄)
stair,373_jpg.rf.3f69ef5be11c8d5615ef921ef790f50b.jpg,train,0.31,0.9,0.705,고각도(내려다봄)
stair,368_jpg.rf.9cca415f3c2b0ec83b96aa0f72210f83.jpg,train,0.289,-1.0,0.647,고각도(내려다봄)
stair,121_jpg.rf.3b262def1f53df27a93e7ae661e07df0.jpg,train,0.24,-5.4,0.854,고각도(내려다봄)
stair,181_jpg.rf.29a2f2b0be28c84bc654e731a2550ebe.jpg,train,0.521,19.9,0.82,고각도(내려다봄)
stair,400_jpg.rf.14524c8705a752f5f144f01af030a3aa.jpg,train,0.676,33.8,0.445,눈높이(정면)
stair,252_jpg.rf.07c5c9f5a91c45555ee0e2e076799703.jpg,train,0.479,16.1,0.212,눈높이(정면)
stair,325_jpg.rf.12cfb3930e238dcb692421679fbeccb3.jpg,train,0.18,-10.8,0.407,눈높이(정면)
stair,8_jpg.rf.f73896e6802719312938617216b81862.jpg,train,,,0.996,고각도(내려다봄)
stair,317_jpg.rf.26388daf544ea4a303f3e9b990b73168.jpg,train,0.058,-21.8,0.609,고각도(내려다봄)
stair,187_jpg.rf.3162778626b5fa91234ad9845ff9a9e1.jpg,train,0.495,17.5,0.798,고각도(내려다봄)
stair,227_jpg.rf.60fc4c1911c9619cbfb26dc8aebf7ad8.jpg,train,0.25,-4.5,0.201,눈높이(정면)
stair,66_jpg.rf.27f12ff5f73431d2ba3675001a95e23d.jpg,train,0.835,48.2,0.499,눈높이(정면)
stair,333_jpg.rf.b25bd0dec383e07201511eb08ac10a2a.jpg,train,0.504,18.4,0.146,눈높이(정면)
stair,338_jpg.rf.ff3d5380d60aa727f571e7ab8ae04dc8.jpg,train,0.116,-16.6,0.351,눈높이(정면)
stair,72_jpg.rf.d72d7f1d4ca1e710affa7f2587cbdd22.jpg,train,0.608,27.7,0.689,고각도(내려다봄)
stair,9_jpg.rf.5a3a60a8d6e1035297423b41ae1e6739.jpg,train,0.401,9.1,0.78,고각도(내려다봄)
stair,3_jpg.rf.b135e67af1c7049e5bd3a0eef1100496.jpg,train,0.714,37.3,0.996,고각도(내려다봄)
stair,98_jpg.rf.787befa1f1e57e62be61a85b4209a4c6.jpg,train,0.579,25.1,0.317,눈높이(정면)
stair,142_jpg.rf.5533e23a1829855819b669a7fd8955bf.jpg,train,0.427,11.4,0.997,고각도(내려다봄)
stair,195_jpg.rf.5a5e96b74fd406c6c99b52e11b2711ea.jpg,train,0.468,15.1,0.836,고각도(내려다봄)
stair,413_jpg.rf.00cae9c92a546c3c966ad3e861807f8c.jpg,train,0.16,-12.6,0.27,눈높이(정면)
stair,421_jpg.rf.f184a2f95ef02e7d031ea1fecc055483.jpg,train,0.499,17.9,0.718,고각도(내려다봄)
stair,273_jpg.rf.084ff59cdb4680024f2ebd9174f13dd8.jpg,train,0.583,25.5,0.715,고각도(내려다봄)
stair,362_jpg.rf.d6a99d4a51470e92823d31748250f99f.jpg,train,0.475,15.7,0.655,고각도(내려다봄)
stair,74_jpg.rf.cf42d4421bd1fd5fb2c00513e5199f69.jpg,train,0.385,7.7,0.889,고각도(내려다봄)
stair,78_jpg.rf.857257cbce19a590ba9b79572e52b4b6.jpg,train,0.286,-1.3,0.749,고각도(내려다봄)
stair,40_jpg.rf.fd12ba92f3c4096a3ea7ee9041c402d7.jpg,train,0.927,56.4,0.468,눈높이(정면)
stair,219_jpg.rf.cca64d55e1cffa3d2ac34013cea4565f.jpg,train,0.359,5.3,0.996,고각도(내려다봄)
stair,137_jpg.rf.8ee9b37de04b9949e86ea911199e8e76.jpg,train,0.482,16.3,0.574,고각도(내려다봄)
stair,247_jpg.rf.0c6c924f395670138f33e74a03857514.jpg,train,0.497,17.7,0.531,고각도(내려다봄)
stair,348_jpg.rf.70a37dc606ed07dfe8267b5f365b869c.jpg,train,0.475,15.7,0.701,고각도(내려다봄)
stair,189_jpg.rf.feb3dc0d4e965dfc9b61693779f1d70e.jpg,train,0.613,28.2,0.417,눈높이(정면)
stair,65_jpg.rf.8755e98fff506a9e6eb27bd5393b637a.jpg,train,0.64,30.6,0.366,눈높이(정면)
stair,145_jpg.rf.f39807667301a0fff23162bfc976921c.jpg,train,0.499,17.9,0.084,눈높이(정면)
stair,501_jpg.rf.9fae40cd679e16702b17c05f80fd7614.jpg,train,0.271,-2.6,0.484,눈높이(정면)
stair,330_jpg.rf.46105cef92c7025753fed8be8398b257.jpg,train,0.361,5.5,0.158,눈높이(정면)
stair,53_jpg.rf.2d6e842c68f6ce8aa0ec2b49a95a937e.jpg,train,0.664,32.8,0.532,고각도(내려다봄)
stair,422_jpg.rf.c9a407b498db1f05e7c1ade0189b56f4.jpg,train,0.376,6.8,0.715,고각도(내려다봄)
stair,318_jpg.rf.d4cd00f3e83d5334d9a655708ade2cd2.jpg,train,0.291,-0.8,0.435,눈높이(정면)
stair,93_jpg.rf.64b76579f8484c2629211e1e9f375005.jpg,train,0.733,39.0,0.575,고각도(내려다봄)
stair,287_jpg.rf.392bf4f70f9e78c29c7735d1c8165a2f.jpg,train,0.636,30.2,0.423,눈높이(정면)
stair,172_jpg.rf.6415ac1bf915adecb9069eb16e26e231.jpg,train,0.585,25.6,0.437,눈높이(정면)
stair,350_jpg.rf.7da588fbf940665fe2643b33b52fe1c2.jpg,train,0.499,17.9,0.618,고각도(내려다봄)
stair,482_jpg.rf.6bbdecb44b6316a39681ee26dd8bf6c0.jpg,train,0.488,16.9,0.428,눈높이(정면)
stair,250_jpg.rf.68233c375f0430d9d98a3b2f8cd7c0dd.jpg,train,0.757,41.1,0.416,눈높이(정면)
stair,395_jpg.rf.2194e41ce2a39adc9a5bd082e19c8bb3.jpg,train,0.47,15.3,0.937,고각도(내려다봄)
stair,345_jpg.rf.c4ec9e4913917ffffcaa6daacdda0060.jpg,train,0.847,49.2,0.364,눈높이(정면)
stair,182_jpg.rf.cbdd16f70a079e16baef6ba13f6b1e7b.jpg,train,0.753,40.8,0.195,눈높이(정면)
stair,367_jpg.rf.5dc72ee808310e79858dbf8ec9ec6ccf.jpg,train,0.252,-4.3,0.642,고각도(내려다봄)
stair,278_jpg.rf.f1319b0e953ca55b993cdd9ea1f795a3.jpg,train,0.652,31.6,0.993,고각도(내려다봄)
stair,112_jpg.rf.382b11ea7ccb3eb37dc77247d4ee5ce4.jpg,train,0.345,4.0,0.6,고각도(내려다봄)
stair,83_jpg.rf.6388c14ec1803f7f993c758fa752400a.jpg,train,0.402,9.2,0.388,눈높이(정면)
stair,445_jpg.rf.953fe88dd5c8e4ce61977087b62f337c.jpg,train,0.133,-15.0,0.473,눈높이(정면)
stair,138_jpg.rf.3896c123cc4e24ecac0724a2d1e1023f.jpg,train,0.359,5.3,0.627,고각도(내려다봄)
stair,90_jpg.rf.c9a898d900e1a185a1d7639603dd043f.jpg,train,0.175,-11.2,0.869,고각도(내려다봄)
stair,89_jpg.rf.f1cdf220410feeffbadb53436d008f59.jpg,train,0.492,17.3,0.173,눈높이(정면)
stair,132_jpg.rf.2f35d01287009d736bae060f3c128b7f.jpg,train,0.29,-0.9,0.125,눈높이(정면)
stair,127_jpg.rf.17bf054c5e4bfb77a690df48101cbee1.jpg,train,0.709,36.8,0.683,고각도(내려다봄)
stair,237_jpg.rf.38dcb6db116b73a34615a501c6c3d76e.jpg,train,0.519,19.7,0.33,눈높이(정면)
stair,388_jpg.rf.b61c45e34ce57aa708a8403a45b67ddd.jpg,train,0.417,10.5,0.417,눈높이(정면)
stair,69_jpg.rf.f1120d46f6cf38b2eff3ad973d4c7312.jpg,train,0.831,47.8,0.593,고각도(내려다봄)
stair,306_jpg.rf.e18dd4550f9a45178ca12caac7e1b9f5.jpg,train,0.315,1.3,0.872,고각도(내려다봄)
stair,420_jpg.rf.f3f446f2581063d59b8890e356b86faf.jpg,train,0.339,3.5,0.727,고각도(내려다봄)
stair,11_jpg.rf.8e2caf3954d16b480132f284ae327b22.jpg,train,0.25,-4.5,0.848,고각도(내려다봄)
stair,363_jpg.rf.2e520fb763bff98232105aacc3a40bf6.jpg,train,0.536,21.2,0.627,고각도(내려다봄)
stair,351_jpg.rf.249ea6b030a270a20efbb2ba5c1a9f7c.jpg,train,0.325,2.3,0.771,고각도(내려다봄)
stair,196_jpg.rf.d7d30f869044c969af1323d9906c5bcd.jpg,train,0.243,-5.1,0.65,고각도(내려다봄)
stair,244_jpg.rf.68da1bbfc0867b1ad2e4bd6417b4717c.jpg,train,0.334,3.1,0.388,눈높이(정면)
stair,118_jpg.rf.7117b46cf4401fcbfc1ff75370baf5d2.jpg,train,0.34,3.6,0.276,눈높이(정면)
stair,478_jpg.rf.90eb3fa86c6c3aeb8fb9c90245a9a570.jpg,train,0.712,37.1,0.488,눈높이(정면)
stair,45_jpg.rf.0ce6e1514602e6c7d7c778a2979a30e2.jpg,train,0.514,19.3,0.416,눈높이(정면)
stair,499_jpg.rf.b2b0345394d4ec4bb8dc681309d63be6.jpg,train,0.151,-13.4,0.615,고각도(내려다봄)
stair,462_jpg.rf.61f36816613938fa8c51d90662d2956a.jpg,train,0.548,22.3,0.323,눈높이(정면)
stair,313_jpg.rf.067093dd2fce8d5c4667ec76c92dc2b9.jpg,train,0.407,9.6,0.591,고각도(내려다봄)
stair,410_jpg.rf.f7fff5e90c495ca7e87c502f506d42a4.jpg,train,0.088,-19.1,0.457,눈높이(정면)
stair,201_jpg.rf.4d125a48c7e8c45609ffdc9af690080e.jpg,train,0.758,41.2,0.593,고각도(내려다봄)
stair,371_jpg.rf.064f7877d190ab93c11d3b1cb3cb1607.jpg,train,0.286,-1.3,0.791,고각도(내려다봄)
stair,128_jpg.rf.44642c8d804416b722cfc3fd9aab312e.jpg,train,0.489,17.0,0.668,고각도(내려다봄)
stair,355_jpg.rf.40184c5e8038d0e07adc99af9f545474.jpg,train,0.347,4.2,0.63,고각도(내려다봄)
stair,322_jpg.rf.68f4cbe5597cf0956a7df6ecd879b2ce.jpg,train,0.212,-7.9,0.628,고각도(내려다봄)
stair,393_jpg.rf.525152b2150201a56fa901fa017d4c6c.jpg,train,0.301,0.1,0.401,눈높이(정면)
stair,160_jpg.rf.f01fff8b045a3ae72396f570a9b49ec9.jpg,train,0.559,23.3,0.997,고각도(내려다봄)
stair,262_jpg.rf.bed6bada4c4bdbb0daebd32122db0753.jpg,train,0.788,43.9,0.761,고각도(내려다봄)
stair,275_jpg.rf.e58d1c6340e38ab74632973c768bb806.jpg,train,0.49,17.1,0.355,눈높이(정면)
stair,17_jpg.rf.ab0509a09cc9c773f5cd36328b2e2343.jpg,train,0.292,-0.7,0.96,고각도(내려다봄)
stair,222_jpg.rf.e941f2f8409a930908147f3ecbc8567a.jpg,train,0.345,4.1,0.422,눈높이(정면)
stair,212_jpg.rf.db4e06ed58ac4b4e07b08cdd2edcb17c.jpg,train,0.213,-7.8,0.732,고각도(내려다봄)
stair,280_jpg.rf.db5cddac9a2a49f73b48778c167a390c.jpg,train,0.528,20.5,0.824,고각도(내려다봄)
stair,412_jpg.rf.cc063c6510ce2b24a2b84e299aeaa9eb.jpg,train,0.194,-9.6,0.273,눈높이(정면)
stair,29_jpg.rf.1fec74dfc49e42cc3a81f86342c60baf.jpg,train,0.609,27.8,0.322,눈높이(정면)
stair,360_jpg.rf.d1188081009c0932f7ffff45845a0c58.jpg,train,0.387,7.8,0.639,고각도(내려다봄)
stair,414_jpg.rf.cf0ff72d155e68e494524012d2a3e9b0.jpg,train,0.191,-9.8,0.298,눈높이(정면)
stair,390_jpg.rf.646be4708aa455642815ec2fe6769665.jpg,train,0.272,-2.5,0.457,눈높이(정면)
stair,374_jpg.rf.852c5c2eb7a667540f3cd53f6a68c8dd.jpg,train,0.262,-3.4,0.645,고각도(내려다봄)
stair,426_jpg.rf.636e655a7cbe9311b246f6b90c532e54.jpg,train,0.506,18.6,0.417,눈높이(정면)
stair,455_jpg.rf.cc27ab5b1d7620073abaf88abdc933e8.jpg,train,0.277,-2.1,0.0,눈높이(정면)
stair,205_jpg.rf.9c08958d824b3528a79ead65f3ba39ce.jpg,train,0.342,3.8,0.556,고각도(내려다봄)
stair,463_jpg.rf.cf22d252e6047f6597768bc286879a86.jpg,train,0.373,6.6,0.007,눈높이(정면)
stair,44_jpg.rf.a760a37c96d80820fae3f497a5554fab.jpg,train,0.492,17.3,0.416,눈높이(정면)
stair,238_jpg.rf.ddf53a3e27cb7e0358ace9e61cee16f2.jpg,train,0.802,45.1,0.0,눈높이(정면)
stair,143_jpg.rf.059b3acc357400a7e7c7846cf252530b.jpg,train,0.606,27.6,0.411,눈높이(정면)
stair,14_jpg.rf.dcea83bf5b3762684fb388be8da42125.jpg,train,0.526,20.3,0.49,눈높이(정면)
stair,152_jpg.rf.28122b23d58a1ab8b52bcc9c9dac05a6.jpg,train,0.484,16.6,0.628,고각도(내려다봄)
stair,446_jpg.rf.66e6603ad9af966e6f7cb3360f31a134.jpg,train,0.925,56.2,0.31,눈높이(정면)
stair,101_jpg.rf.4910b02030723b4a048754396077ad04.jpg,train,0.396,8.6,0.112,눈높이(정면)
stair,423_jpg.rf.8913c4231146fd43e81c4b60e62c2ce0.jpg,train,0.605,27.4,0.401,눈높이(정면)
stair,471_jpg.rf.c0ccb56c9aa027985e71b80e56a99b3c.jpg,train,0.687,34.8,0.18,눈높이(정면)
stair,18_jpg.rf.e51a6e350ac182dde0f99167df421574.jpg,train,0.533,21.0,0.903,고각도(내려다봄)
stair,144_jpg.rf.efc8e1e37c1d5e07d5cb7685e1898598.jpg,train,0.223,-7.0,0.997,고각도(내려다봄)
stair,113_jpg.rf.2669128357b47f48d0121a1d31680c12.jpg,train,0.57,24.3,0.291,눈높이(정면)
stair,493_jpg.rf.17e05055061b245616b9fe9e76c0c5fb.jpg,train,0.445,13.0,0.407,눈높이(정면)
stair,15_jpg.rf.d6009dbc772a62e4cb43a380467e3cc2.jpg,train,0.787,43.8,1.0,고각도(내려다봄)
stair,199_jpg.rf.5c16b3809ce462e6a4cce9203f6da163.jpg,train,0.691,35.2,0.621,고각도(내려다봄)
stair,159_jpg.rf.016c76a9638b98c0ca5f5fe116461293.jpg,train,0.768,42.1,0.971,고각도(내려다봄)
stair,433_jpg.rf.d84e35fffa1e98c0ec65ac89a26c789c.jpg,train,0.62,28.8,0.357,눈높이(정면)
stair,24_jpg.rf.2972dcc33937b3bc06d5f5f57dd30884.jpg,train,0.288,-1.1,0.438,눈높이(정면)
stair,27_jpg.rf.fd836d7117d941c5d46e940034511bd0.jpg,train,0.846,49.1,0.596,고각도(내려다봄)
stair,281_jpg.rf.a3f55ec9561f2405c302ffd5d0bcb0f1.jpg,train,0.528,20.5,0.519,고각도(내려다봄)
stair,56_jpg.rf.385227d307d885d811ae25306ad475e3.jpg,train,0.543,21.9,0.993,고각도(내려다봄)
stair,106_jpg.rf.0b31f1975c3176bd98b35fb97049a3d7.jpg,train,0.431,11.8,0.305,눈높이(정면)
stair,125_jpg.rf.17939b9960a4f7d1d11f3f200d1c7462.jpg,train,0.305,0.5,0.482,눈높이(정면)
stair,274_jpg.rf.365a99d67e6d9750bc6383c5aaa3973e.jpg,train,0.303,0.3,0.522,고각도(내려다봄)
stair,496_jpg.rf.63d3c7dc2bdc2e655879d97c9b749e70.jpg,train,0.845,49.1,0.606,고각도(내려다봄)
stair,175_jpg.rf.8e181be2857edc2aa41fee9f8309dbef.jpg,train,0.317,1.5,0.771,고각도(내려다봄)
stair,169_jpg.rf.01d33f6fa767d39fdc182241268f1a8b.jpg,train,0.511,19.0,0.306,눈높이(정면)
stair,440_jpg.rf.f40035b54375add807ffdd7465f845c1.jpg,train,0.761,41.5,0.628,고각도(내려다봄)
stair,336_jpg.rf.a7c8f1ee4f4926c7595c1f9f3da2eb6d.jpg,train,0.395,8.6,0.204,눈높이(정면)
stair,465_jpg.rf.af758c802a3f722b5bcf47353b6c8c4f.jpg,train,0.504,18.4,0.891,고각도(내려다봄)
stair,291_jpg.rf.21a3d94c0dec06dc8eae5118a0e1814f.jpg,train,0.448,13.4,0.686,고각도(내려다봄)
stair,361_jpg.rf.236b018530276007f0367583316702ce.jpg,train,0.56,23.4,0.65,고각도(내려다봄)
stair,503_jpg.rf.c95c1a4013390e49ca9d80f65a88e1c6.jpg,train,0.736,39.2,0.737,고각도(내려다봄)
stair,387_jpg.rf.85583ab913422c065994a6e7178ea343.jpg,train,0.736,39.3,0.279,눈높이(정면)
stair,381_jpg.rf.fb53fd43d1a4eef92e58fd4b54628c7b.jpg,train,0.33,2.7,0.802,고각도(내려다봄)
stair,75_jpg.rf.9a94e8086ac13e07a87cc055b7931f75.jpg,train,0.361,5.5,0.506,고각도(내려다봄)
stair,82_jpg.rf.764e2d592203862554ccebb73a559f9f.jpg,train,0.631,29.8,0.692,고각도(내려다봄)
stair,331_jpg.rf.a719ef5bba10d42b6812ad83adeab588.jpg,train,0.369,6.2,0.173,눈높이(정면)
stair,282_jpg.rf.5d749f3b6df9193285e2cc637e075896.jpg,train,0.695,35.6,0.95,고각도(내려다봄)
stair,469_jpg.rf.267af44fd293cc3f15783b7dc1029645.jpg,train,0.71,36.9,0.189,눈높이(정면)
stair,174_jpg.rf.dacea5f1f60484ef95f1b9ef4be67213.jpg,train,0.323,2.0,0.143,눈높이(정면)
stair,88_jpg.rf.3f3e27e2451e78f897b29143fedd91e0.jpg,train,0.609,27.8,1.0,고각도(내려다봄)
stair,220_jpg.rf.32f45785bd2f03458d079bcdbe5fb21b.jpg,train,0.349,4.4,0.28,눈높이(정면)
stair,385_jpg.rf.f8b10ee70b8a210f00a18124281e0b3b.jpg,train,0.127,-15.6,0.445,눈높이(정면)
stair,184_jpg.rf.1630d043ac05d4e221b14d52fec5b9ab.jpg,train,0.277,-2.1,0.96,고각도(내려다봄)
stair,97_jpg.rf.6dc32fae3fe95f26af3197ccea8837cf.jpg,train,0.177,-11.0,0.788,고각도(내려다봄)
stair,105_jpg.rf.5fab19bafc12fb58874a4fb7069c3416.jpg,train,0.504,18.4,0.432,눈높이(정면)
stair,311_jpg.rf.5f0cffb91702f950ef4edd9da2918329.jpg,train,0.884,52.6,0.667,고각도(내려다봄)
stair,38_jpg.rf.d3f782a3361736aae576a51006e5d0e7.jpg,train,0.62,28.8,0.591,고각도(내려다봄)
stair,276_jpg.rf.facf98ccdb78c5f0f95baf7052a0f5aa.jpg,train,0.748,40.4,0.996,고각도(내려다봄)
stair,271_jpg.rf.4db8ea96edfaf72f90c48e9e738a9edf.jpg,train,0.55,22.5,0.711,고각도(내려다봄)
stair,232_jpg.rf.50c28597b2723438344b83f8e843972d.jpg,train,0.538,21.4,0.521,고각도(내려다봄)
stair,4_jpg.rf.9fda0ae987ac5c3366b15f0a2fbaa848.jpg,train,0.828,47.5,0.751,고각도(내려다봄)
stair,270_jpg.rf.b9887e3dda621d05dcddcc4b218acfbf.jpg,train,0.248,-4.6,0.878,고각도(내려다봄)
stair,216_jpg.rf.2dcf316a84c8146d18b8b733f0cef04e.jpg,train,0.677,33.9,0.991,고각도(내려다봄)
stair,502_jpg.rf.ce7984110a7a8a84646989d29bf055a2.jpg,train,0.042,-23.2,0.414,눈높이(정면)
stair,131_jpg.rf.6001e025af10e5fb66f7cb87f9b26a7f.jpg,train,0.362,5.6,0.413,눈높이(정면)
stair,151_jpg.rf.fc0bb02d15a1ca7714eca0b60f4ffb19.jpg,train,0.334,3.1,0.873,고각도(내려다봄)
stair,81_jpg.rf.90a0197b20c8f1dd6df2620e0279efd6.jpg,train,0.331,2.8,0.627,고각도(내려다봄)
stair,444_jpg.rf.9c5dc99c5d99551424fa5f99edfddcf4.jpg,train,0.543,21.9,0.367,눈높이(정면)
stair,180_jpg.rf.a81df3dd0199106635ea952b6f59651c.jpg,train,0.418,10.6,0.581,고각도(내려다봄)
stair,87_jpg.rf.734e3fd6f26619358d32d6a2c2607ad8.jpg,train,0.373,6.6,1.0,고각도(내려다봄)
stair,279_jpg.rf.14b8f16d5183c3054e27c15173525d7a.jpg,train,0.228,-6.5,0.482,눈높이(정면)
stair,91_jpg.rf.77fd87ca251e6e446d230391b81f8b91.jpg,train,0.61,27.9,0.134,눈높이(정면)
stair,442_jpg.rf.89a2a04f286c483c33d8e9e542c872cc.jpg,train,0.543,21.9,0.226,눈높이(정면)
stair,84_jpg.rf.dd22105aaad41e5b032e70ce245b3223.jpg,train,0.88,52.2,0.746,고각도(내려다봄)
stair,13_jpg.rf.dfeacfb7299ed1d88eac626aa8cddd4d.jpg,train,0.702,36.2,0.86,고각도(내려다봄)
stair,504_jpg.rf.d058db08b2b5186c72c94b7202853c7a.jpg,train,0.089,-19.0,0.215,눈높이(정면)
stair,314_jpg.rf.7372b1be45a2d1f1aa7962f4519da4f9.jpg,train,0.407,9.6,0.577,고각도(내려다봄)
stair,26_jpg.rf.cb73bf992fc4c00efc55d3d3b9ee2c3b.jpg,train,0.591,26.2,0.386,눈높이(정면)
stair,170_jpg.rf.0ae568f4c0c2527aaa746dbb473cf28d.jpg,train,0.582,25.4,0.718,고각도(내려다봄)
stair,206_jpg.rf.3914e60b0b7775746ce772d949ad2422.jpg,train,0.308,0.7,1.0,고각도(내려다봄)
stair,500_jpg.rf.d7c88f408beccd5b639fb347de21eb47.jpg,train,0.045,-23.0,0.326,눈높이(정면)
stair,459_jpg.rf.35aba42b0a42764b53d1af57ea28eb8d.jpg,train,0.37,6.3,0.217,눈높이(정면)
stair,6_jpg.rf.ae4ed1930b1da7d2895fe55df072b286.jpg,train,0.62,28.8,0.376,눈높이(정면)
stair,61_jpg.rf.f4eb49bf4cfd9c1faaf4bd42ec11cb82.jpg,train,0.567,24.0,0.645,고각도(내려다봄)
stair,211_jpg.rf.287619a6b2dcf4df9c426e4eb1e6728f.jpg,train,0.652,31.6,0.855,고각도(내려다봄)
stair,225_jpg.rf.c40bafbb169bab9cdd9d14e7afba67a0.jpg,train,0.328,2.5,0.17,눈높이(정면)
stair,346_jpg.rf.e184fb885f08b8947fbdeedd8a114025.jpg,train,0.976,60.9,0.342,눈높이(정면)
stair,375_jpg.rf.ddd635bbd7c8a172befe6f3d2a7d0607.jpg,train,0.054,-22.1,0.687,고각도(내려다봄)
stair,408_jpg.rf.4757cbfb63662ee26f85d7e1c0b82c1d.jpg,train,0.361,5.5,0.501,고각도(내려다봄)
stair,28_jpg.rf.14bf65d07e0404e976110e820f9d2104.jpg,train,0.634,30.1,0.861,고각도(내려다봄)
stair,164_jpg.rf.4cb50fed49968b2c1304e0360345d8e8.jpg,train,0.422,11.0,0.218,눈높이(정면)
stair,62_jpg.rf.126b58e01b44dd773223550cbd0bb36e.jpg,train,0.364,5.8,0.091,눈높이(정면)
stair,432_jpg.rf.65922df4965fead7b3b2d66910ffad2a.jpg,train,0.594,26.4,0.686,고각도(내려다봄)
stair,85_jpg.rf.ca3648bc3a320b47c383991b017eaef3.jpg,train,0.702,36.2,0.42,눈높이(정면)
stair,334_jpg.rf.dab85c4b6e5e92b67a474ab6b563133e.jpg,train,0.314,1.3,0.501,고각도(내려다봄)
stair,327_jpg.rf.3823efed6dfa7969a75a676ae240c5cd.jpg,train,0.291,-0.8,1.0,고각도(내려다봄)
stair,397_jpg.rf.9c153386c6a8bb9b5268aca9a88d7d24.jpg,train,0.366,5.9,0.754,고각도(내려다봄)
stair,150_jpg.rf.c065ddbfe0fd90dee358d5fd576ebd64.jpg,train,0.461,14.4,0.524,고각도(내려다봄)
stair,347_jpg.rf.0b309ae9da56899553a75cdfdc8dbbf9.jpg,train,0.48,16.2,0.46,눈높이(정면)
stair,1_jpg.rf.1f22a04ef4fa7150362aa6e7b49d9155.jpg,train,0.512,19.1,0.596,고각도(내려다봄)
stair,63_jpg.rf.2ece92f2b9ee976939e1394744eb7112.jpg,train,0.532,20.9,0.434,눈높이(정면)
stair,449_jpg.rf.d9da1128485775205ae57a15e8f7a88a.jpg,train,0.228,-6.5,0.367,눈높이(정면)
stair,57_jpg.rf.6a4d9a7dd99efb33b7a9eb35e945f8c6.jpg,train,0.365,5.8,0.37,눈높이(정면)
stair,146_jpg.rf.dee34169d717b4e895ae9b0d97ea6f24.jpg,train,0.373,6.6,0.397,눈높이(정면)
stair,94_jpg.rf.d89e56fc16fdc1a8df99d3f4d7570650.jpg,train,0.578,25.0,0.807,고각도(내려다봄)
stair,377_jpg.rf.8b50a679eb42adc494ba96c5b64c9dd5.jpg,train,,,0.699,고각도(내려다봄)
stair,0_jpg.rf.28f9da63261bac946b012566053ab17c.jpg,train,0.581,25.3,0.479,눈높이(정면)
stair,497_jpg.rf.ed022f5f843ccb765af4f5b0e160ef48.jpg,train,0.344,3.9,0.431,눈높이(정면)
stair,323_jpg.rf.604b1647e84aacf0c31d005eda00862a.jpg,train,0.05,-22.5,0.324,눈높이(정면)
stair,108_jpg.rf.9b7bcb6277c856b1381786ac9a396a08.jpg,train,0.505,18.5,0.968,고각도(내려다봄)
stair,58_jpg.rf.a74f651efddd3621543e9f2b3c7755eb.jpg,train,0.367,6.0,0.298,눈높이(정면)
stair,130_jpg.rf.52078e8ca4eee0b7f33c20fee128ce7b.jpg,train,0.191,-9.8,0.314,눈높이(정면)
stair,208_jpg.rf.f63751b1e1a16643ff5d456d29a8cb05.jpg,train,0.255,-4.1,0.299,눈높이(정면)
stair,320_jpg.rf.a3af08b187243bcf4d9dc090a62c09f6.jpg,train,0.241,-5.3,0.541,고각도(내려다봄)
stair,495_jpg.rf.e1c7d091f10940b6e9c6d98e0cb425f3.jpg,train,0.928,56.5,0.555,고각도(내려다봄)
stair,68_jpg.rf.293203a0ef1eec5cfe59be076fb1d8f3.jpg,train,0.536,21.2,0.981,고각도(내려다봄)
stair,460_jpg.rf.d8ef277e559a8b1295fa8f83ccddc5e3.jpg,train,0.966,60.0,0.702,고각도(내려다봄)
stair,402_jpg.rf.1696ba471bcda7fda79ff49f97c93971.jpg,train,0.311,0.9,0.804,고각도(내려다봄)
stair,437_jpg.rf.7ab102cf4733e49a159fa632ddd64712.jpg,train,0.574,24.7,0.712,고각도(내려다봄)
stair,183_jpg.rf.92f862ce7658f2ef7c254671eaccc4db.jpg,train,0.581,25.3,0.819,고각도(내려다봄)
stair,96_jpg.rf.b3f5f022955fef8213b18b9524e67826.jpg,train,0.574,24.7,0.991,고각도(내려다봄)
stair,119_jpg.rf.2e23a821ed19c55033639b5fd38a30ad.jpg,train,0.583,25.5,0.997,고각도(내려다봄)
stair,310_jpg.rf.a4e11500d0eedb2f21edc175a45eeab2.jpg,train,0.601,27.1,0.872,고각도(내려다봄)
stair,154_jpg.rf.9a589c947e29691e114e878eec3f6504.jpg,train,0.36,5.4,0.785,고각도(내려다봄)
stair,218_jpg.rf.fe35a1f39fef5bd19e30690f94154274.jpg,train,0.528,20.5,0.224,눈높이(정면)
stair,157_jpg.rf.80e919dd602a32b5a6b30783613c5147.jpg,train,0.567,24.0,0.721,고각도(내려다봄)
stair,489_jpg.rf.deb7a9a1a05c7bacf09e97558b09cbac.jpg,train,0.682,34.4,0.807,고각도(내려다봄)
stair,342_jpg.rf.b64dc1453d021aa41a48af0e0a0f7cb0.jpg,train,0.649,31.4,0.31,눈높이(정면)
stair,419_jpg.rf.6a483bc195247d7c0d830ed7934a4e0b.jpg,train,0.579,25.1,0.653,고각도(내려다봄)
stair,304_jpg.rf.d0d380f4595436bface20c391ac8fb85.jpg,train,0.285,-1.4,0.869,고각도(내려다봄)
stair,319_jpg.rf.cd8139adccba8e21bb5b3eaba3cfc9c5.jpg,train,0.356,5.1,0.546,고각도(내려다봄)
stair,52_jpg.rf.8c1d40a1c2bb1d9286d0e58a0b1dbdec.jpg,train,0.706,36.6,0.994,고각도(내려다봄)
stair,80_jpg.rf.7d68ae660c30ebb147f02f4cb46474e3.jpg,train,0.257,-3.9,0.6,고각도(내려다봄)
stair,50_jpg.rf.011bcf19f882a774775ec4ccc4b32e87.jpg,train,0.541,21.7,0.494,눈높이(정면)
stair,316_jpg.rf.446f7963c198706c37f00034099f29b5.jpg,train,0.099,-18.1,0.773,고각도(내려다봄)
stair,261_jpg.rf.b49b6cab2034da067d588086652e5afc.jpg,train,0.632,29.8,0.366,눈높이(정면)
stair,245_jpg.rf.b3df8f97895c702a419f5084329441fb.jpg,train,0.492,17.3,0.003,눈높이(정면)
stair,277_jpg.rf.5f99f51a3e282fb4c4fae25346fcfe32.jpg,train,0.221,-7.1,0.795,고각도(내려다봄)
stair,55_jpg.rf.31caab6a2839f8a758fcbd2d77531439.jpg,train,0.368,6.1,0.375,눈높이(정면)
stair,382_jpg.rf.1479cbbf64d8e66cc3c37d838e006201.jpg,train,0.425,11.2,0.479,눈높이(정면)
stair,95_jpg.rf.0dc7cd99e6da47819f61f06165cab561.jpg,train,0.373,6.6,0.063,눈높이(정면)
stair,403_jpg.rf.d47b9bdca0f2b068bda7b5079afe70ba.jpg,train,0.378,7.0,0.792,고각도(내려다봄)
stair,398_jpg.rf.dcb39244013bb6f1eee5be2c2f9af9dd.jpg,train,0.102,-17.8,0.438,눈높이(정면)
stair,47_jpg.rf.9795c43b3913137862d54ee8608fced0.jpg,train,0.691,35.2,0.599,고각도(내려다봄)
stair,370_jpg.rf.246d645a059683a9864111cb3e4709aa.jpg,train,0.169,-11.8,0.757,고각도(내려다봄)
stair,35_jpg.rf.c9462212003e1d99eeeefe407b1a8c9e.jpg,train,0.844,48.9,0.379,눈높이(정면)
stair,197_jpg.rf.9bacbc9d732817fe7d61b361a4109af9.jpg,train,0.334,3.0,0.796,고각도(내려다봄)
stair,153_jpg.rf.f272a48d4344073a0cf8c806f6b3f19e.jpg,train,0.364,5.8,0.845,고각도(내려다봄)
stair,384_jpg.rf.950096e2efee55a527abc81992a4d74a.jpg,train,0.204,-8.6,0.454,눈높이(정면)
stair,352_jpg.rf.6283c9289602844ac94659cabd3a5090.jpg,train,0.367,6.0,0.642,고각도(내려다봄)
stair,178_jpg.rf.2e319faf9b1403f63aee5f3a320b5c5c.jpg,train,0.505,18.5,0.579,고각도(내려다봄)
stair,486_jpg.rf.82f6e939800a8ffd3f3d8247cb754c37.jpg,train,0.77,42.3,0.419,눈높이(정면)
stair,104_jpg.rf.af5f9ebb396fbafcc6d085405d6f48af.jpg,train,0.358,5.2,0.417,눈높이(정면)
stair,129_jpg.rf.aa7c2bc454a75ce75334af1cde5b8da6.jpg,train,0.391,8.2,0.646,고각도(내려다봄)
stair,43_jpg.rf.8e5a4b76de20700c750f94783a993c68.jpg,train,0.451,13.6,0.413,눈높이(정면)
stair,109_jpg.rf.b5bb5851d1ffcb15497e80cdeb3ca62f.jpg,train,0.434,12.0,0.76,고각도(내려다봄)
stair,54_jpg.rf.691905017213a3b53269c6267b76e62e.jpg,train,0.634,30.0,0.546,고각도(내려다봄)
stair,409_jpg.rf.4ad628a4db9bee83187211870f0aef68.jpg,train,0.334,3.0,0.367,눈높이(정면)
stair,37_jpg.rf.3e4865ba9c062cb445cffba8be9ba5b4.jpg,train,0.389,8.0,0.634,고각도(내려다봄)
stair,229_jpg.rf.c092e8363647e632aedddca7ccaffa43.jpg,train,0.562,23.6,0.646,고각도(내려다봄)
stair,326_jpg.rf.09e1691912023a94d47779dd21dc6fde.jpg,train,0.255,-4.1,0.279,눈높이(정면)
stair,380_jpg.rf.89d427584b4b3900d81176f006eb8074.jpg,train,0.33,2.7,0.785,고각도(내려다봄)
stair,21_jpg.rf.6feb8fce3ec909cf169c7f72e86c5215.jpg,train,0.286,-1.3,0.398,눈높이(정면)
stair,427_jpg.rf.b16a227700c3c6c31769c444862c6775.jpg,train,0.557,23.1,1.0,고각도(내려다봄)
stair,107_jpg.rf.4429917ec7eb19ff1472ac2b4bd04c40.jpg,train,0.654,31.9,0.001,눈높이(정면)
stair,383_jpg.rf.6f86a2140f0097204db11124ec49404c.jpg,train,0.394,8.4,0.478,눈높이(정면)
stair,429_jpg.rf.57122d02d59f144863d70b2f8083c146.jpg,valid,0.656,32.1,0.383,눈높이(정면)
stair,470_jpg.rf.9514148733e7d6759e80c8d73e004107.jpg,valid,0.514,19.3,0.239,눈높이(정면)
stair,32_jpg.rf.fd882a25bd66310e955cccc30bbc9285.jpg,valid,0.519,19.7,0.218,눈높이(정면)
stair,2_jpg.rf.26a0a92d95a88211c169f799caf1c500.jpg,valid,0.356,5.1,0.888,고각도(내려다봄)
stair,315_jpg.rf.2bc447c5cba4b7628cc569f0ec823d75.jpg,valid,0.435,12.2,0.56,고각도(내려다봄)
stair,341_jpg.rf.dd19b06576e41bd93e6a2e67efb99980.jpg,valid,0.827,47.5,0.296,눈높이(정면)
stair,257_jpg.rf.313c0ea28b7c1deb36e6d0cbab62b061.jpg,valid,0.39,8.1,0.783,고각도(내려다봄)
stair,228_jpg.rf.ccb842f03595190ae4182f87585ce3b4.jpg,valid,0.381,7.3,0.895,고각도(내려다봄)
stair,411_jpg.rf.6157e000d4594a1b7d76fb6b99031dab.jpg,valid,0.085,-19.3,0.684,고각도(내려다봄)
stair,394_jpg.rf.88e6abb9e5da89da669ebbb6a2ffbf15.jpg,valid,0.223,-6.9,0.398,눈높이(정면)
stair,64_jpg.rf.a4f4bd387703c846e76f66ad90284c6d.jpg,valid,0.25,-4.5,0.373,눈높이(정면)
stair,435_jpg.rf.b226651190e1f636c07cc8dc1c85bfed.jpg,valid,0.4,9.0,0.841,고각도(내려다봄)
stair,86_jpg.rf.d61a8e4c549ef277e2fc075cb4e002d7.jpg,valid,0.22,-7.2,0.555,고각도(내려다봄)
stair,358_jpg.rf.47ceadaefb53fd5c726724f896224d86.jpg,valid,0.446,13.1,0.867,고각도(내려다봄)
stair,39_jpg.rf.ac571ee2fdcbe0b6b6b08e1d627c4087.jpg,valid,0.579,25.1,0.417,눈높이(정면)
stair,329_jpg.rf.83671ad32a197d950672b25d840cfa56.jpg,valid,0.286,-1.3,0.284,눈높이(정면)
stair,324_jpg.rf.3daa917fb9c6389290de54255d217db5.jpg,valid,0.255,-4.1,0.506,고각도(내려다봄)
stair,99_jpg.rf.1e243e897c9cea851b942b6f60bd4ffb.jpg,valid,0.541,21.7,0.776,고각도(내려다봄)
stair,59_jpg.rf.9318cba297465e136be9847244f5cfe5.jpg,valid,0.475,15.7,0.409,눈높이(정면)
stair,7_jpg.rf.e1acce912cef5c516cba9131279d2b1b.jpg,valid,0.407,9.6,0.441,눈높이(정면)
stair,392_jpg.rf.7d0b462e640b523142e3acc417b9b6c9.jpg,valid,0.325,2.3,0.397,눈높이(정면)
stair,22_jpg.rf.5e2cc68594034f0fc18106e1bcb18838.jpg,valid,0.305,0.5,0.35,눈높이(정면)
stair,498_jpg.rf.9b28d6bd0e013b3fcd793e0f840bb13a.jpg,valid,0.664,32.7,0.534,고각도(내려다봄)
stair,418_jpg.rf.93d8a7e8fb5544c76ad54ea3a64c30f6.jpg,valid,0.376,6.8,0.956,고각도(내려다봄)
stair,264_jpg.rf.8b685582538e47fa819b0542773e9686.jpg,valid,0.409,9.8,0.709,고각도(내려다봄)
stair,297_jpg.rf.10df39f6d93893f391aeefb5c4036b82.jpg,valid,0.633,30.0,0.454,눈높이(정면)
stair,230_jpg.rf.f84d37a404d379374e45aeb57e89d6d4.jpg,valid,0.263,-3.3,0.671,고각도(내려다봄)
stair,428_jpg.rf.c0154eb524c380230d1d48863e75c232.jpg,valid,0.589,26.0,0.676,고각도(내려다봄)
stair,162_jpg.rf.be7fd87443a88a4e5fb4a249b178a20b.jpg,valid,0.585,25.6,0.282,눈높이(정면)
stair,431_jpg.rf.48148775f1c2a897dbb0f51285e23145.jpg,valid,0.766,41.9,0.32,눈높이(정면)
stair,263_jpg.rf.4f5b6bdff50b91d2b3b34f45a09af4f2.jpg,valid,0.338,3.4,0.76,고각도(내려다봄)
stair,386_jpg.rf.f0480e23a78fb7e699dad195a2a30f74.jpg,valid,0.279,-1.9,0.571,고각도(내려다봄)
stair,192_jpg.rf.daa975f75b0057f2d586294f7838422d.jpg,valid,0.542,21.8,0.083,눈높이(정면)
stair,73_jpg.rf.1bafd626f557e98cfccf612ea990852b.jpg,valid,0.538,21.4,0.906,고각도(내려다봄)
stair,70_jpg.rf.76e62b95f4184cc36841c1d084f19e0b.jpg,valid,0.48,16.2,0.46,눈높이(정면)
stair,484_jpg.rf.188bcb8e01c7fa1fb3b348723c4a1bd4.jpg,valid,0.739,39.5,0.615,고각도(내려다봄)
stair,399_jpg.rf.a8cfd8158ca810bd395093d7f83c94d2.jpg,valid,0.085,-19.3,0.765,고각도(내려다봄)
stair,356_jpg.rf.c13828e6149829cb1f2be424027b2892.jpg,valid,0.347,4.2,0.628,고각도(내려다봄)
stair,369_jpg.rf.2fff595a4d924b85f50e26788786038c.jpg,valid,0.303,0.3,0.9,고각도(내려다봄)
stair,475_jpg.rf.edb5b4c60a88fd70f19c998d59301944.jpg,valid,0.715,37.3,0.358,눈높이(정면)
stair,42_jpg.rf.553e6866ed4afcf3b32d7000af021eae.jpg,valid,0.332,2.9,0.496,눈높이(정면)
stair,240_jpg.rf.200d2e39887bbe520737e5b35a471dc9.jpg,valid,0.202,-8.9,0.712,고각도(내려다봄)
stair,202_jpg.rf.dd723d68b8abee4a60fd622e36a27afb.jpg,valid,0.312,1.1,0.375,눈높이(정면)
stair,161_jpg.rf.856131d15466ec7566e4a9810b4c0766.jpg,valid,0.303,0.3,0.758,고각도(내려다봄)
stair,76_jpg.rf.334d26f6d3070b2b95dba146493363f7.jpg,valid,0.352,4.6,0.519,고각도(내려다봄)
stair,60_jpg.rf.988b27a1ee2b57e4be379c17fa211407.jpg,valid,0.459,14.3,0.394,눈높이(정면)
stair,67_jpg.rf.ce3eee5bcbfd3049e75695243793c122.jpg,valid,0.414,10.3,0.872,고각도(내려다봄)
stair,209_jpg.rf.9bee2c3ef6e8e4c5ccc9478b3804c269.jpg,valid,0.427,11.4,0.491,눈높이(정면)
stair,51_jpg.rf.64049f6f1fe0e3098eb06cc48ddff363.jpg,valid,0.364,5.8,0.935,고각도(내려다봄)
stair,198_jpg.rf.b01ca2fec10494296d9cb55248d8b4e6.jpg,valid,0.716,37.5,0.969,고각도(내려다봄)
stair,30_jpg.rf.a6baf14adf2f4fe8654a1a08ec64d64b.jpg,valid,0.612,28.1,0.392,눈높이(정면)
stair,485_jpg.rf.09694c72da17c156c896cf3be58c52a1.jpg,valid,,,0.571,고각도(내려다봄)
stair,286_jpg.rf.4f1f642ec02036344937a871d5da3ca2.jpg,valid,0.563,23.7,0.432,눈높이(정면)
stair,349_jpg.rf.6969854d01b50f0464766e5e5f70d15d.jpg,valid,0.555,22.9,0.65,고각도(내려다봄)
stair,376_jpg.rf.e3549e882ef679d9c483c1a4ff78b975.jpg,valid,0.056,-21.9,0.683,고각도(내려다봄)
stair,430_jpg.rf.c3151a1f48c312732167ba2f33f39858.jpg,valid,0.504,18.4,0.32,눈높이(정면)
stair,124_jpg.rf.7aadd83f41872397eaae77222f42ab1c.jpg,valid,0.659,32.3,0.969,고각도(내려다봄)
stair,23_jpg.rf.9445c90def6a6f8119e73be44a758063.jpg,valid,0.32,1.8,0.44,눈높이(정면)
stair,447_jpg.rf.af7083e868c86a6be76b3a3e1ff45e3f.jpg,valid,0.883,52.5,0.102,눈높이(정면)
stair,353_jpg.rf.7ca049ceeb536a0ea5bd7e472df97140.jpg,valid,0.404,9.4,0.717,고각도(내려다봄)
stair,259_jpg.rf.10364ca281de9e4ffc29b8e77a64718d.jpg,valid,0.664,32.8,0.951,고각도(내려다봄)
stair,126_jpg.rf.84eac498b511093b951fae0de9005ae4.jpg,valid,0.407,9.6,0.997,고각도(내려다봄)
stair,372_jpg.rf.8fbf2021cf715dd2130f4b9df4b62ee1.jpg,valid,0.266,-3.1,0.668,고각도(내려다봄)
stair,424_jpg.rf.9f9efcfda1d3933f31160328c5684d21.jpg,valid,0.678,34.0,0.46,눈높이(정면)
stair,49_jpg.rf.35507774cc3703587a2baea471357007.jpg,valid,0.431,11.8,0.628,고각도(내려다봄)
stair,48_jpg.rf.4776ded67e458e7c9ad43facb66c5fbc.jpg,valid,0.431,11.8,1.0,고각도(내려다봄)
stair,165_jpg.rf.8ae6726dbe6e5d9313413bb559cf5a56.jpg,valid,0.548,22.3,0.494,눈높이(정면)
stair,337_jpg.rf.c0cb97537cdbeea130f8df2bd2d51c4d.jpg,valid,0.577,24.9,0.178,눈높이(정면)
stair,328_jpg.rf.4951c19aee18cc285c4bd693e5469437.jpg,valid,0.239,-5.5,0.516,고각도(내려다봄)
stair,332_jpg.rf.b532e30bafb28a67fade18c6ed6a646e.jpg,valid,0.109,-17.2,0.428,눈높이(정면)
stair,16_jpg.rf.78aeab4d799fb2246dabbfc968fa13ff.jpg,valid,0.475,15.7,0.802,고각도(내려다봄)
stair,241_jpg.rf.94ec2d5d9f3426b53afa16e4eaec3564.jpg,valid,0.83,47.7,0.883,고각도(내려다봄)
stair,354_jpg.rf.af6dfc58930a56a7d53bfcb6a452372b.jpg,valid,0.405,9.4,0.853,고각도(내려다봄)
stair,114_jpg.rf.f054c6f5db3ac4aefa5ccbf2a2458944.jpg,valid,0.589,26.0,0.823,고각도(내려다봄)
stair,20_jpg.rf.0cf97f4d60121b1b4925db625752f373.jpg,valid,0.391,8.2,0.755,고각도(내려다봄)
stair,102_jpg.rf.20ed5750ad59b3334275e3d25bf35b90.jpg,valid,0.517,19.5,0.817,고각도(내려다봄)
stair,19_jpg.rf.3ceb32a5a7aa4e95f8571e16b991b3d8.jpg,valid,0.314,1.3,0.212,눈높이(정면)
stair,391_jpg.rf.6e7dd1b5abf0b9b6a76428c68b2c26fb.jpg,valid,0.179,-10.9,0.459,눈높이(정면)
stair,452_jpg.rf.8095a4eaeba03f0c011e28aca40cdb77.jpg,test,0.55,22.5,0.199,눈높이(정면)
stair,453_jpg.rf.df85f4b9cb7f36b00cd38dafdff4bfdd.jpg,test,0.345,4.1,0.832,고각도(내려다봄)
stair,120_jpg.rf.5b822a9a5d555f8ac907f84e0dce3fb6.jpg,test,0.593,26.3,0.487,눈높이(정면)
stair,34_jpg.rf.a04acbb9cde28d6c98c827451d2a3240.jpg,test,0.502,18.1,0.401,눈높이(정면)
stair,25_jpg.rf.c3d201d9b26b0134f99bd7ad9ef7d152.jpg,test,0.545,22.1,0.382,눈높이(정면)
stair,490_jpg.rf.a11da5c30cc39c1c19287ff9c831c705.jpg,test,0.756,41.1,0.481,눈높이(정면)
stair,378_jpg.rf.381ad46c4ad1d15521b54a64da44ea8a.jpg,test,0.162,-12.4,0.662,고각도(내려다봄)
stair,454_jpg.rf.2ba85bbbab3d0735abe256796ba8fe59.jpg,test,0.48,16.2,0.242,눈높이(정면)
stair,79_jpg.rf.e5531b9d72771007ff8c0625bc546f19.jpg,test,0.493,17.3,0.659,고각도(내려다봄)
stair,359_jpg.rf.73effff792f7ca3ee4642b7d4bb3d93d.jpg,test,0.345,4.0,0.637,고각도(내려다봄)
stair,457_jpg.rf.d6c88b0b83a713b8ff4929942e8b0e9c.jpg,test,0.541,21.7,0.847,고각도(내려다봄)
stair,305_jpg.rf.14ab8f3ae5252a6c0d1f872644b2b9fa.jpg,test,0.298,-0.1,0.587,고각도(내려다봄)
stair,357_jpg.rf.49e511b74c63bd2289fb377b2fe32ca7.jpg,test,0.417,10.5,0.948,고각도(내려다봄)
stair,253_jpg.rf.eb06f6b371f72da97ef8df15d11c523d.jpg,test,0.708,36.7,0.35,눈높이(정면)
stair,36_jpg.rf.ee76caacddfdb0c0d36400d991a99431.jpg,test,0.859,50.3,0.382,눈높이(정면)
stair,389_jpg.rf.89bf406839083becc40f4e315b5e5fed.jpg,test,0.316,1.4,0.422,눈높이(정면)
stair,415_jpg.rf.3d578986d2b90fe8d4d6e225ba8153e2.jpg,test,0.139,-14.5,0.288,눈높이(정면)
stair,158_jpg.rf.be9969d1297c57a68b4639f0b95a45b7.jpg,test,0.443,12.8,0.74,고각도(내려다봄)
stair,494_jpg.rf.f97dfd0b2bb7db5154767fee89b7f7b0.jpg,test,0.341,3.7,0.394,눈높이(정면)
stair,100_jpg.rf.2294c9935de56dfc1a963552c20c06c6.jpg,test,0.414,10.3,0.656,고각도(내려다봄)
stair,365_jpg.rf.87324e8ef15e650c9f43f56196b9355f.jpg,test,0.477,15.9,0.695,고각도(내려다봄)
stair,404_jpg.rf.3dc14af355799d7303cc27272cd4c44b.jpg,test,0.577,24.9,0.17,눈높이(정면)
stair,290_jpg.rf.240a3aa8dc6fea8a5b6f734de393c394.jpg,test,0.521,19.9,0.689,고각도(내려다봄)
stair,133_jpg.rf.72b81145ce456f5629bdab36464bc084.jpg,test,0.038,-23.6,1.0,고각도(내려다봄)
stair,190_jpg.rf.6a1f627181e8043ed20c1db8113135cd.jpg,test,0.219,-7.3,0.282,눈높이(정면)
stair,299_jpg.rf.faeb8f59113b968356dc3819ff5d7bec.jpg,test,0.17,-11.7,0.997,고각도(내려다봄)
stair,309_jpg.rf.0e0b3102aef0b84b3dfb0cf1e4ab80bf.jpg,test,0.473,15.5,0.584,고각도(내려다봄)
stair,147_jpg.rf.c95072dfae1a5c18ac30b8623fd07150.jpg,test,0.356,5.1,0.819,고각도(내려다봄)
stair,203_jpg.rf.6ff011297d3039ca9ccbce49a2e6a27e.jpg,test,0.434,12.1,0.91,고각도(내려다봄)
stair,31_jpg.rf.3723800e5e0ab3cbb4a2f2166c630f8d.jpg,test,0.616,28.4,0.596,고각도(내려다봄)
stair,139_jpg.rf.694fd11dca5c46aca8f33222391d78d7.jpg,test,0.395,8.5,0.45,눈높이(정면)
stair,477_jpg.rf.e19bde5311ddb7a19b4dca82a0094b18.jpg,test,0.73,38.7,0.937,고각도(내려다봄)
stair,401_jpg.rf.fe8bc49a40860289634d1834109fbfc7.jpg,test,0.673,33.6,0.447,눈높이(정면)
stair,12_jpg.rf.494eac1bde482e6a415417b6315803f2.jpg,test,0.488,16.9,0.692,고각도(내려다봄)
stair,188_jpg.rf.11fe8defd76994f0910b48fbc3f9dd61.jpg,test,0.57,24.3,0.807,고각도(내려다봄)
stair,71_jpg.rf.5b99b859fdb1a75a9f334c1f7a09bbbb.jpg,test,0.102,-17.9,0.813,고각도(내려다봄)
stair,41_jpg.rf.f726c6d1ce9dbec030077e0818e41777.jpg,test,0.42,10.8,0.795,고각도(내려다봄)
stair,312_jpg.rf.587df8b67eda4a733fb96d04fbc93a5b.jpg,test,0.651,31.6,0.462,눈높이(정면)
stair,210_jpg.rf.28e6d19d3ca94f606b11fd625690f4d7.jpg,test,0.678,34.0,0.615,고각도(내려다봄)
